user_id,location,language,account_created,follower_count,city,country
user_guglt5jp,"Berlin, Germany",ja,2023-10-23 00:00:00+00:00,38963,Berlin,Germany
user_b1p3wz81,"Munich, Germany",zh,2023-05-06 00:00:00+00:00,24644,Munich,Germany
user_jm2grmis,"Dubai, UAE",en,2023-01-03 00:00:00+00:00,45842,Dubai,UAE
user_ykoqww5l,"Paris, France",fr,2023-10-11 00:00:00+00:00,665,Paris,France
user_3zzvv8vp,"Los Angeles, USA",ru,2023-05-23 00:00:00+00:00,42908,Los Angeles,USA
user_s4nmuyvf,"Mumbai, India",zh,2023-03-17 00:00:00+00:00,43412,Mumbai,India
user_9vo7he3z,"Rio de Janeiro, Brazil",en,2023-12-01 00:00:00+00:00,36257,Rio de Janeiro,Brazil
user_guruu55k,"Mexico City, Mexico",en,2023-03-30 00:00:00+00:00,11260,Mexico City,Mexico
user_8nvzxsuj,"Vancouver, Canada",es,2023-12-03 00:00:00+00:00,36383,Vancouver,Canada
user_rgmvy3e1,"London, UK",ja,2023-12-21 00:00:00+00:00,13458,London,UK
user_j0akync6,"Houston, USA",en,2023-10-23 00:00:00+00:00,28544,Houston,USA
user_dxhhp9fo,"Manchester, UK",fr,2023-03-03 00:00:00+00:00,3852,Manchester,UK
user_eci1w7hz,"Seoul, South Korea",ru,2023-02-04 00:00:00+00:00,43692,Seoul,South Korea
user_cefi5hpb,"Johannesburg, South Africa",es,2023-07-26 00:00:00+00:00,15895,Johannesburg,South Africa
user_wzdzaxo6,"Dubai, UAE",de,2023-03-27 00:00:00+00:00,13486,Dubai,UAE
user_urkhf34q,"Manchester, UK",ar,2023-02-18 00:00:00+00:00,24177,Manchester,UK
user_4y5xrp4d,"São Paulo, Brazil",ar,2023-07-02 00:00:00+00:00,18904,São Paulo,Brazil
user_5805b7s5,"Osaka, Japan",de,2023-07-29 00:00:00+00:00,29193,Osaka,Japan
user_ju8hqhh7,"São Paulo, Brazil",pt,2023-08-10 00:00:00+00:00,11133,São Paulo,Brazil
user_0xtn0q1z,"Mexico City, Mexico",zh,2023-02-13 00:00:00+00:00,4956,Mexico City,Mexico
user_vdzbq60d,"São Paulo, Brazil",de,2023-05-21 00:00:00+00:00,25387,São Paulo,Brazil
user_3nei5tio,"Rome, Italy",ja,2023-06-06 00:00:00+00:00,27945,Rome,Italy
user_8hs083wf,"Mexico City, Mexico",ja,2023-11-26 00:00:00+00:00,36208,Mexico City,Mexico
user_g62nc9bm,"Osaka, Japan",pt,2023-05-18 00:00:00+00:00,29261,Osaka,Japan
user_u6wmhba1,"Rio de Janeiro, Brazil",fr,2023-05-07 00:00:00+00:00,26788,Rio de Janeiro,Brazil
user_rawskkbp,"Mexico City, Mexico",ja,2023-04-03 00:00:00+00:00,19554,Mexico City,Mexico
user_6wra58f7,"Johannesburg, South Africa",en,2023-12-29 00:00:00+00:00,4953,Johannesburg,South Africa
user_20v16n7o,"Osaka, Japan",es,2023-06-23 00:00:00+00:00,35772,Osaka,Japan
user_8hwimj2y,"Barcelona, Spain",hi,2023-07-09 00:00:00+00:00,34130,Barcelona,Spain
user_34h6otv1,"Mumbai, India",hi,2023-09-01 00:00:00+00:00,825,Mumbai,India
user_rd4m435g,"Mumbai, India",en,2023-05-09 00:00:00+00:00,41448,Mumbai,India
user_baflpt2a,"Shanghai, China",zh,2023-05-14 00:00:00+00:00,2528,Shanghai,China
user_3rnkw0w0,"London, UK",en,2023-08-30 00:00:00+00:00,16930,London,UK
user_wdvt8sn8,"Lagos, Nigeria",hi,2023-10-18 00:00:00+00:00,44991,Lagos,Nigeria
user_6ftbnlhg,"Seoul, South Korea",ru,2023-04-22 00:00:00+00:00,42376,Seoul,South Korea
user_p9zkwsde,"Tokyo, Japan",zh,2023-01-28 00:00:00+00:00,22530,Tokyo,Japan
user_jqhen223,"Rome, Italy",pt,2023-08-25 00:00:00+00:00,1386,Rome,Italy
user_qjq1xtnb,"Vancouver, Canada",ar,2023-06-20 00:00:00+00:00,9994,Vancouver,Canada
user_giqj8qez,"New York, USA",pt,2023-03-08 00:00:00+00:00,30904,New York,USA
user_yhkk65jx,"Dubai, UAE",zh,2023-03-04 00:00:00+00:00,19947,Dubai,UAE
user_n7owi8hd,"Beijing, China",fr,2023-12-29 00:00:00+00:00,40734,Beijing,China
user_q3dvjt5a,"Barcelona, Spain",en,2023-01-02 00:00:00+00:00,25339,Barcelona,Spain
user_uwu8hunq,"Melbourne, Australia",es,2023-04-12 00:00:00+00:00,47367,Melbourne,Australia
user_weam2ohn,"Lyon, France",en,2023-04-14 00:00:00+00:00,12261,Lyon,France
user_v4objqex,"Madrid, Spain",hi,2023-11-15 00:00:00+00:00,16772,Madrid,Spain
user_lgnt3fch,"Johannesburg, South Africa",fr,2023-03-29 00:00:00+00:00,46078,Johannesburg,South Africa
user_d1drdipk,"Berlin, Germany",fr,2023-03-14 00:00:00+00:00,12883,Berlin,Germany
user_ll36h5wt,"Tokyo, Japan",ru,2023-07-02 00:00:00+00:00,29890,Tokyo,Japan
user_abawq3v4,"Barcelona, Spain",fr,2023-11-16 00:00:00+00:00,27400,Barcelona,Spain
user_668nidxi,"São Paulo, Brazil",pt,2023-07-24 00:00:00+00:00,17277,São Paulo,Brazil
user_tbi3l8f9,"Milan, Italy",pt,2023-03-11 00:00:00+00:00,5446,Milan,Italy
user_jxoe2fqh,"Shanghai, China",de,2023-06-17 00:00:00+00:00,3525,Shanghai,China
user_sd7unhlc,"Tokyo, Japan",hi,2023-06-27 00:00:00+00:00,7258,Tokyo,Japan
user_y1nqrc5b,"Beijing, China",ru,2023-09-23 00:00:00+00:00,27900,Beijing,China
user_q6b92sgq,"Munich, Germany",hi,2023-07-21 00:00:00+00:00,38254,Munich,Germany
user_sh3by87q,"Manchester, UK",hi,2023-10-14 00:00:00+00:00,30340,Manchester,UK
user_udakufz1,"Houston, USA",pt,2023-03-04 00:00:00+00:00,30349,Houston,USA
user_siuvpkza,"Chicago, USA",en,2023-09-05 00:00:00+00:00,49905,Chicago,USA
user_a2t91ioa,"São Paulo, Brazil",ar,2023-03-23 00:00:00+00:00,5217,São Paulo,Brazil
user_kxujr0gz,"Los Angeles, USA",pt,2023-02-04 00:00:00+00:00,34963,Los Angeles,USA
user_ggnjpujh,Singapore,hi,2023-10-22 00:00:00+00:00,35532,Singapore,
user_mkqbrm43,"Houston, USA",de,2023-01-14 00:00:00+00:00,16581,Houston,USA
user_ysboqq66,Singapore,pt,2023-01-07 00:00:00+00:00,22756,Singapore,
user_cyqqg8x5,"Mexico City, Mexico",zh,2023-12-04 00:00:00+00:00,44679,Mexico City,Mexico
user_icpx666o,"Chicago, USA",es,2023-02-28 00:00:00+00:00,36087,Chicago,USA
user_v7kjzia8,"Shanghai, China",de,2023-08-09 00:00:00+00:00,36584,Shanghai,China
user_m6q38p8n,"Rio de Janeiro, Brazil",ru,2023-08-20 00:00:00+00:00,19975,Rio de Janeiro,Brazil
user_i16blt5c,"Lagos, Nigeria",fr,2023-01-12 00:00:00+00:00,15494,Lagos,Nigeria
user_c48hfo1e,"Tokyo, Japan",ja,2023-04-02 00:00:00+00:00,30991,Tokyo,Japan
user_gbfw65um,"Dubai, UAE",ja,2023-01-21 00:00:00+00:00,3210,Dubai,UAE
user_tndo3hfx,"Berlin, Germany",de,2023-05-31 00:00:00+00:00,43803,Berlin,Germany
user_j7hru6kk,"Lyon, France",ar,2023-02-25 00:00:00+00:00,26012,Lyon,France
user_85468fb8,"Delhi, India",pt,2023-09-22 00:00:00+00:00,16049,Delhi,India
user_zzq2044c,"Delhi, India",ar,2023-02-09 00:00:00+00:00,34915,Delhi,India
user_9jvugme4,"Berlin, Germany",en,2023-08-25 00:00:00+00:00,47684,Berlin,Germany
user_wwk361ip,"Paris, France",fr,2023-02-17 00:00:00+00:00,25982,Paris,France
user_wjb4dk42,"Sydney, Australia",de,2023-05-24 00:00:00+00:00,35720,Sydney,Australia
user_bq4m0de9,"Munich, Germany",zh,2023-08-21 00:00:00+00:00,47615,Munich,Germany
user_zq5mipiu,"New York, USA",ja,2023-11-11 00:00:00+00:00,38518,New York,USA
user_ny9vh0cg,"Chicago, USA",ja,2023-03-30 00:00:00+00:00,6479,Chicago,USA
user_g6l0e61e,"London, UK",de,2023-03-04 00:00:00+00:00,48312,London,UK
user_sniodvjg,"São Paulo, Brazil",es,2023-09-16 00:00:00+00:00,23961,São Paulo,Brazil
user_xwnpfnpm,"Delhi, India",es,2023-02-21 00:00:00+00:00,35374,Delhi,India
user_x8d4tmgt,"Seoul, South Korea",hi,2023-10-13 00:00:00+00:00,3965,Seoul,South Korea
user_v1jddj2m,"Osaka, Japan",fr,2023-09-29 00:00:00+00:00,40890,Osaka,Japan
user_3xgp44s2,"Beijing, China",es,2023-09-19 00:00:00+00:00,11935,Beijing,China
user_0e2how9t,"Melbourne, Australia",hi,2023-09-03 00:00:00+00:00,23563,Melbourne,Australia
user_k7t9n4sb,"Rio de Janeiro, Brazil",hi,2023-02-25 00:00:00+00:00,4767,Rio de Janeiro,Brazil
user_ipc8wvdz,"Houston, USA",fr,2023-09-24 00:00:00+00:00,9612,Houston,USA
user_k9blda2m,"Shanghai, China",ar,2023-08-20 00:00:00+00:00,42330,Shanghai,China
user_zp2gw1bo,"Chicago, USA",de,2023-01-20 00:00:00+00:00,4869,Chicago,USA
user_ceim4vux,"Seoul, South Korea",hi,2023-11-13 00:00:00+00:00,40811,Seoul,South Korea
user_uwheu707,"Osaka, Japan",ja,2023-02-11 00:00:00+00:00,9366,Osaka,Japan
user_0eufcipi,"Beijing, China",pt,2023-08-18 00:00:00+00:00,27089,Beijing,China
user_ymg2zu9s,"São Paulo, Brazil",ru,2023-09-14 00:00:00+00:00,43449,São Paulo,Brazil
user_xa1s1sd5,"Milan, Italy",es,2023-11-26 00:00:00+00:00,37758,Milan,Italy
user_a7p5u7lh,"Osaka, Japan",es,2023-07-25 00:00:00+00:00,25497,Osaka,Japan
user_hkiyc5fm,"Paris, France",ar,2023-10-21 00:00:00+00:00,125,Paris,France
user_9iukejuf,"Manchester, UK",en,2023-04-03 00:00:00+00:00,13279,Manchester,UK
user_n020jpbl,"Rome, Italy",en,2023-09-08 00:00:00+00:00,14263,Rome,Italy
user_jsmxpwu0,"Lagos, Nigeria",ar,2023-09-09 00:00:00+00:00,31041,Lagos,Nigeria
user_tyvzn6ay,"London, UK",fr,2023-09-05 00:00:00+00:00,46141,London,UK
user_i2p1s57x,"Seoul, South Korea",es,2023-04-25 00:00:00+00:00,33834,Seoul,South Korea
user_8wm37pk5,"Dubai, UAE",pt,2023-07-03 00:00:00+00:00,5193,Dubai,UAE
user_ien1skk9,"London, UK",pt,2023-01-23 00:00:00+00:00,23189,London,UK
user_romhzbq7,"Johannesburg, South Africa",fr,2023-06-14 00:00:00+00:00,39722,Johannesburg,South Africa
user_dbqn2wg3,"Osaka, Japan",zh,2023-06-21 00:00:00+00:00,14408,Osaka,Japan
user_pfk3usin,"Mumbai, India",es,2023-10-24 00:00:00+00:00,12664,Mumbai,India
user_8c6s6m9l,"Johannesburg, South Africa",fr,2023-05-27 00:00:00+00:00,45852,Johannesburg,South Africa
user_d6tjszz8,"Melbourne, Australia",fr,2023-03-24 00:00:00+00:00,37186,Melbourne,Australia
user_kjuts840,"Seoul, South Korea",zh,2023-11-16 00:00:00+00:00,21560,Seoul,South Korea
user_5dciucw4,Singapore,fr,2023-12-21 00:00:00+00:00,19889,Singapore,
user_0c5vu9wm,"Lagos, Nigeria",ru,2023-09-27 00:00:00+00:00,43214,Lagos,Nigeria
user_yimb5r96,"Lyon, France",en,2023-06-19 00:00:00+00:00,24755,Lyon,France
user_2c5wzose,"Lagos, Nigeria",zh,2023-07-21 00:00:00+00:00,28647,Lagos,Nigeria
user_zyptgxi8,"Shanghai, China",ar,2023-02-17 00:00:00+00:00,47455,Shanghai,China
user_hdas0iau,"Rio de Janeiro, Brazil",ja,2023-10-31 00:00:00+00:00,1620,Rio de Janeiro,Brazil
user_6qlz8pe6,"Milan, Italy",fr,2023-10-01 00:00:00+00:00,17169,Milan,Italy
user_tzroeifo,"Melbourne, Australia",pt,2023-11-09 00:00:00+00:00,6268,Melbourne,Australia
user_7b09zod9,"Munich, Germany",ru,2023-06-17 00:00:00+00:00,23147,Munich,Germany
user_py58gal3,"Chicago, USA",fr,2023-11-10 00:00:00+00:00,46803,Chicago,USA
user_jh1l7apn,"Lyon, France",de,2023-12-02 00:00:00+00:00,13388,Lyon,France
user_m0adcouo,"Beijing, China",hi,2023-12-23 00:00:00+00:00,19858,Beijing,China
user_emlc2ijs,"Mumbai, India",zh,2023-07-15 00:00:00+00:00,42097,Mumbai,India
user_z3z18l5y,"Johannesburg, South Africa",fr,2023-04-11 00:00:00+00:00,46150,Johannesburg,South Africa
user_x7umkbiv,"New York, USA",pt,2023-07-25 00:00:00+00:00,19280,New York,USA
user_zqv2vrf5,"Vancouver, Canada",es,2023-09-17 00:00:00+00:00,13531,Vancouver,Canada
user_otp3d47s,"Mumbai, India",de,2023-05-13 00:00:00+00:00,45599,Mumbai,India
user_btviyu88,"Barcelona, Spain",hi,2023-05-15 00:00:00+00:00,8121,Barcelona,Spain
user_jhknjb2o,"Manchester, UK",ar,2023-12-09 00:00:00+00:00,26342,Manchester,UK
user_j6qnfn0n,"Sydney, Australia",fr,2023-07-16 00:00:00+00:00,10053,Sydney,Australia
user_dvoklay9,"Rio de Janeiro, Brazil",en,2023-04-01 00:00:00+00:00,47705,Rio de Janeiro,Brazil
user_6f3gl5ci,"Los Angeles, USA",fr,2023-11-16 00:00:00+00:00,11240,Los Angeles,USA
user_va78mz39,"Vancouver, Canada",ru,2023-12-13 00:00:00+00:00,34585,Vancouver,Canada
user_shca6bkp,"London, UK",zh,2023-10-27 00:00:00+00:00,33313,London,UK
user_6kjv32kv,"Los Angeles, USA",de,2023-01-30 00:00:00+00:00,15858,Los Angeles,USA
user_tj1hwx21,"Lyon, France",en,2023-03-06 00:00:00+00:00,24706,Lyon,France
user_k7tyv3h1,"Mumbai, India",en,2023-12-13 00:00:00+00:00,24378,Mumbai,India
user_y9bjiho1,"Mumbai, India",zh,2023-11-12 00:00:00+00:00,24858,Mumbai,India
user_1tqy94o2,"Paris, France",hi,2023-04-25 00:00:00+00:00,28391,Paris,France
user_t6hlzu33,"Seoul, South Korea",es,2023-12-24 00:00:00+00:00,18568,Seoul,South Korea
user_xm374vm6,"Lyon, France",de,2023-05-27 00:00:00+00:00,15594,Lyon,France
user_3k0yqpvo,"Tokyo, Japan",es,2023-12-14 00:00:00+00:00,247,Tokyo,Japan
user_y0n4ki5k,"Rome, Italy",hi,2023-04-16 00:00:00+00:00,45836,Rome,Italy
user_6sfxy8pg,"Cairo, Egypt",ru,2023-08-12 00:00:00+00:00,20348,Cairo,Egypt
user_eyak9wgy,"Cairo, Egypt",fr,2023-03-18 00:00:00+00:00,34393,Cairo,Egypt
user_74ipdtjp,"Tokyo, Japan",fr,2023-04-01 00:00:00+00:00,42718,Tokyo,Japan
user_0osqp2dw,"New York, USA",hi,2023-03-20 00:00:00+00:00,6432,New York,USA
user_xk2789p4,"Barcelona, Spain",hi,2023-04-05 00:00:00+00:00,42164,Barcelona,Spain
user_y5wi0qgb,"Rio de Janeiro, Brazil",ar,2023-01-26 00:00:00+00:00,43746,Rio de Janeiro,Brazil
user_v3iny1iu,"Seoul, South Korea",de,2023-03-25 00:00:00+00:00,39123,Seoul,South Korea
user_1xh81tt1,"Rio de Janeiro, Brazil",en,2023-10-25 00:00:00+00:00,12104,Rio de Janeiro,Brazil
user_ke2aznap,"Dubai, UAE",ru,2023-07-19 00:00:00+00:00,25705,Dubai,UAE
user_nqv4azql,"Mexico City, Mexico",de,2023-04-18 00:00:00+00:00,22949,Mexico City,Mexico
user_z9g0ws77,"Milan, Italy",es,2023-11-28 00:00:00+00:00,36413,Milan,Italy
user_w66b5uk0,"Manchester, UK",hi,2023-09-02 00:00:00+00:00,17208,Manchester,UK
user_hftncqwg,"Osaka, Japan",en,2023-05-05 00:00:00+00:00,35741,Osaka,Japan
user_puoma5kg,"Shanghai, China",pt,2023-10-20 00:00:00+00:00,33595,Shanghai,China
user_3ec3xlij,"Mumbai, India",ar,2023-10-20 00:00:00+00:00,42106,Mumbai,India
user_7ctvaq92,"Shanghai, China",de,2023-06-23 00:00:00+00:00,40739,Shanghai,China
user_bouxcpei,"Milan, Italy",fr,2023-05-04 00:00:00+00:00,10486,Milan,Italy
user_r94xmwwi,"São Paulo, Brazil",ja,2023-09-23 00:00:00+00:00,13366,São Paulo,Brazil
user_30jx467t,"Rio de Janeiro, Brazil",zh,2023-03-16 00:00:00+00:00,26128,Rio de Janeiro,Brazil
user_ze3qol7q,"Mumbai, India",de,2023-02-18 00:00:00+00:00,16102,Mumbai,India
user_cgajq4il,"Lyon, France",hi,2023-03-23 00:00:00+00:00,13722,Lyon,France
user_qtpvdjjh,"Osaka, Japan",ar,2023-12-24 00:00:00+00:00,11385,Osaka,Japan
user_d6tkz8qs,"Rio de Janeiro, Brazil",fr,2023-04-09 00:00:00+00:00,43203,Rio de Janeiro,Brazil
user_8t4e9hnl,"Paris, France",ar,2023-02-02 00:00:00+00:00,18137,Paris,France
user_7qv6le3v,"Barcelona, Spain",hi,2023-12-21 00:00:00+00:00,48814,Barcelona,Spain
user_d3z3d8ys,"Mumbai, India",en,2023-03-12 00:00:00+00:00,25077,Mumbai,India
user_vw9pi7nt,"Toronto, Canada",zh,2023-10-16 00:00:00+00:00,31294,Toronto,Canada
user_ur1cqbvt,"Vancouver, Canada",hi,2023-09-20 00:00:00+00:00,16616,Vancouver,Canada
user_bxx2q7ss,"Manchester, UK",zh,2023-03-01 00:00:00+00:00,32190,Manchester,UK
user_e33tyryb,"Berlin, Germany",hi,2023-02-16 00:00:00+00:00,40671,Berlin,Germany
user_yx0kbvbm,"Houston, USA",fr,2023-12-13 00:00:00+00:00,33957,Houston,USA
user_eskzkba8,"Toronto, Canada",de,2023-09-15 00:00:00+00:00,4021,Toronto,Canada
user_zqzqyysg,Singapore,ru,2023-02-07 00:00:00+00:00,30088,Singapore,
user_4wxjuaif,"New York, USA",en,2023-12-27 00:00:00+00:00,39522,New York,USA
user_yotuyqas,"Seoul, South Korea",fr,2023-01-31 00:00:00+00:00,19591,Seoul,South Korea
user_uer432k7,"Los Angeles, USA",ja,2023-10-28 00:00:00+00:00,2023,Los Angeles,USA
user_rkw2mic0,"Chicago, USA",ar,2023-01-23 00:00:00+00:00,21014,Chicago,USA
user_yd705rj9,"Los Angeles, USA",zh,2023-02-11 00:00:00+00:00,46165,Los Angeles,USA
user_nudota2x,Singapore,pt,2023-12-01 00:00:00+00:00,17212,Singapore,
user_p9rj0hnr,"Madrid, Spain",zh,2023-05-15 00:00:00+00:00,48134,Madrid,Spain
user_q3vs0uj7,"Manchester, UK",ja,2023-01-12 00:00:00+00:00,32714,Manchester,UK
user_vdr1clyk,"Berlin, Germany",ru,2023-09-05 00:00:00+00:00,42746,Berlin,Germany
user_xnin9vng,"Munich, Germany",es,2023-12-31 00:00:00+00:00,35176,Munich,Germany
user_g2dekwc7,"Madrid, Spain",es,2023-06-06 00:00:00+00:00,3698,Madrid,Spain
user_r3r59q7h,"Los Angeles, USA",ja,2023-06-09 00:00:00+00:00,32753,Los Angeles,USA
user_4k5n0jkk,"Munich, Germany",pt,2023-11-17 00:00:00+00:00,9309,Munich,Germany
user_4tziovr6,"São Paulo, Brazil",zh,2023-01-27 00:00:00+00:00,7972,São Paulo,Brazil
user_b6y23bbq,"Cairo, Egypt",fr,2023-09-15 00:00:00+00:00,17181,Cairo,Egypt
user_60ypl1q4,"Los Angeles, USA",hi,2023-05-12 00:00:00+00:00,44700,Los Angeles,USA
user_bnum1ru1,"Milan, Italy",zh,2023-06-22 00:00:00+00:00,13604,Milan,Italy
user_45yefmlp,"Paris, France",en,2023-10-22 00:00:00+00:00,37589,Paris,France
user_eank0miq,"London, UK",es,2023-12-24 00:00:00+00:00,8837,London,UK
user_1qpr9tga,"Dubai, UAE",pt,2023-06-03 00:00:00+00:00,31853,Dubai,UAE
user_k2v87420,"Barcelona, Spain",ru,2023-12-21 00:00:00+00:00,14719,Barcelona,Spain
user_sjm4thcl,"Dubai, UAE",en,2023-04-06 00:00:00+00:00,49721,Dubai,UAE
user_viynjlsr,"Mumbai, India",hi,2023-06-27 00:00:00+00:00,46004,Mumbai,India
user_b6i17ydd,"Chicago, USA",ru,2023-09-14 00:00:00+00:00,45937,Chicago,USA
user_lk8wtuqr,"Vancouver, Canada",ja,2023-09-21 00:00:00+00:00,32276,Vancouver,Canada
user_de1ix2nc,"Houston, USA",de,2023-04-02 00:00:00+00:00,5659,Houston,USA
user_dotzarnx,"Munich, Germany",de,2023-11-09 00:00:00+00:00,8257,Munich,Germany
user_zdot1vfk,"Barcelona, Spain",fr,2023-12-26 00:00:00+00:00,448,Barcelona,Spain
user_eyryqg4c,Singapore,en,2023-08-14 00:00:00+00:00,42446,Singapore,
user_oo2afkvn,"Madrid, Spain",es,2023-11-04 00:00:00+00:00,19226,Madrid,Spain
user_9odm77d5,"Madrid, Spain",de,2023-01-26 00:00:00+00:00,13443,Madrid,Spain
user_ishux5fb,Singapore,de,2023-05-18 00:00:00+00:00,27779,Singapore,
user_hdcwy7rw,"Houston, USA",hi,2023-06-12 00:00:00+00:00,2595,Houston,USA
user_m5z8a3sg,"Berlin, Germany",ar,2023-04-01 00:00:00+00:00,34800,Berlin,Germany
user_a9a7r18l,"Houston, USA",ja,2023-12-30 00:00:00+00:00,2091,Houston,USA
user_uo7cfsb2,"Munich, Germany",de,2023-04-11 00:00:00+00:00,3966,Munich,Germany
user_ghc11hqx,"Beijing, China",fr,2023-12-11 00:00:00+00:00,8863,Beijing,China
user_n3yjfvxy,"New York, USA",hi,2023-06-10 00:00:00+00:00,45548,New York,USA
user_vs99hcpu,"Manchester, UK",de,2023-02-24 00:00:00+00:00,40430,Manchester,UK
user_jl5j801v,"Los Angeles, USA",ru,2023-02-24 00:00:00+00:00,24657,Los Angeles,USA
user_1q9s4tw9,"Berlin, Germany",ja,2023-02-18 00:00:00+00:00,29011,Berlin,Germany
user_4o1z3322,"Tokyo, Japan",ar,2023-08-22 00:00:00+00:00,48982,Tokyo,Japan
user_zsoad3v2,"Mumbai, India",fr,2023-03-07 00:00:00+00:00,16574,Mumbai,India
user_gtz1vf91,"Barcelona, Spain",ja,2023-07-28 00:00:00+00:00,27386,Barcelona,Spain
user_upih2le3,"Tokyo, Japan",de,2023-05-03 00:00:00+00:00,1775,Tokyo,Japan
user_27aje6ur,"Berlin, Germany",hi,2023-08-08 00:00:00+00:00,15671,Berlin,Germany
user_k05n8c60,"Mumbai, India",zh,2023-01-25 00:00:00+00:00,4399,Mumbai,India
user_a19f44ms,"New York, USA",zh,2023-08-19 00:00:00+00:00,21298,New York,USA
user_brh0oqpe,"Lagos, Nigeria",pt,2023-04-06 00:00:00+00:00,45102,Lagos,Nigeria
user_96h74y72,"Johannesburg, South Africa",zh,2023-01-05 00:00:00+00:00,11114,Johannesburg,South Africa
user_0riqrfz9,"Dubai, UAE",fr,2023-05-01 00:00:00+00:00,12825,Dubai,UAE
user_0irp4abu,"Toronto, Canada",hi,2023-12-14 00:00:00+00:00,44206,Toronto,Canada
user_8euzbrz1,"Madrid, Spain",de,2023-12-29 00:00:00+00:00,25029,Madrid,Spain
user_pg6yqnrb,"Delhi, India",hi,2023-04-30 00:00:00+00:00,30432,Delhi,India
user_mc4gyg3z,"Madrid, Spain",pt,2023-12-23 00:00:00+00:00,34238,Madrid,Spain
user_zhouqige,"Munich, Germany",zh,2023-02-14 00:00:00+00:00,38584,Munich,Germany
user_il88ti8o,"Los Angeles, USA",en,2023-04-03 00:00:00+00:00,33527,Los Angeles,USA
user_e5q8f7ve,"Rio de Janeiro, Brazil",fr,2023-06-12 00:00:00+00:00,43303,Rio de Janeiro,Brazil
user_jw3kd43r,"Dubai, UAE",hi,2023-11-06 00:00:00+00:00,12146,Dubai,UAE
user_ygorm9b4,"Sydney, Australia",de,2023-12-27 00:00:00+00:00,7165,Sydney,Australia
user_ijzzygde,"Johannesburg, South Africa",ar,2023-03-03 00:00:00+00:00,7394,Johannesburg,South Africa
user_oj02wstg,"Toronto, Canada",zh,2023-11-06 00:00:00+00:00,36121,Toronto,Canada
user_r7o639pp,"Johannesburg, South Africa",pt,2023-06-04 00:00:00+00:00,36970,Johannesburg,South Africa
user_uc87frzx,"Rio de Janeiro, Brazil",hi,2023-07-29 00:00:00+00:00,45923,Rio de Janeiro,Brazil
user_zdwf8afd,"Paris, France",zh,2023-10-12 00:00:00+00:00,13554,Paris,France
user_fpnt3iw9,"Rio de Janeiro, Brazil",ru,2023-01-02 00:00:00+00:00,8979,Rio de Janeiro,Brazil
user_ttlouvlq,"Beijing, China",ru,2023-12-07 00:00:00+00:00,19373,Beijing,China
user_njyhr041,"Manchester, UK",fr,2023-03-06 00:00:00+00:00,38346,Manchester,UK
user_54fu8vw0,"Delhi, India",hi,2023-01-05 00:00:00+00:00,19805,Delhi,India
user_n52gcr0a,"Paris, France",hi,2023-05-02 00:00:00+00:00,10771,Paris,France
user_jodbszof,"Mumbai, India",zh,2023-05-30 00:00:00+00:00,31286,Mumbai,India
user_tb4fgpus,"Toronto, Canada",pt,2023-10-20 00:00:00+00:00,6623,Toronto,Canada
user_tple0w0i,"Shanghai, China",pt,2023-01-13 00:00:00+00:00,26162,Shanghai,China
user_0281t7ll,"Houston, USA",de,2023-07-30 00:00:00+00:00,20201,Houston,USA
user_o14tbxsc,"Barcelona, Spain",fr,2023-06-22 00:00:00+00:00,33313,Barcelona,Spain
user_7kpmi03n,"Melbourne, Australia",ru,2023-11-02 00:00:00+00:00,13017,Melbourne,Australia
user_7e3umebc,"Madrid, Spain",zh,2023-06-09 00:00:00+00:00,7547,Madrid,Spain
user_c4e9we1i,"Munich, Germany",zh,2023-09-01 00:00:00+00:00,33992,Munich,Germany
user_wawwrvtc,"Berlin, Germany",en,2023-05-02 00:00:00+00:00,35269,Berlin,Germany
user_eaft49ay,"Toronto, Canada",es,2023-01-28 00:00:00+00:00,31061,Toronto,Canada
user_ivpaj0jp,"Tokyo, Japan",fr,2023-07-23 00:00:00+00:00,10547,Tokyo,Japan
user_hz0arhtv,"Toronto, Canada",en,2023-10-16 00:00:00+00:00,12039,Toronto,Canada
user_xe1x9bhy,Singapore,ru,2023-02-26 00:00:00+00:00,36140,Singapore,
user_4ne7qun0,"Rome, Italy",pt,2023-04-09 00:00:00+00:00,48020,Rome,Italy
user_ywvdig0e,"Barcelona, Spain",zh,2023-06-19 00:00:00+00:00,3061,Barcelona,Spain
user_d0hubs9a,"Chicago, USA",pt,2023-11-21 00:00:00+00:00,38107,Chicago,USA
user_8l7rv5oe,"Vancouver, Canada",ru,2023-07-04 00:00:00+00:00,48345,Vancouver,Canada
user_n0t4gjjd,"Osaka, Japan",de,2023-08-18 00:00:00+00:00,8868,Osaka,Japan
user_mwro4svc,"New York, USA",ar,2023-06-29 00:00:00+00:00,18052,New York,USA
user_i2rk6iik,"Osaka, Japan",en,2023-03-17 00:00:00+00:00,40792,Osaka,Japan
user_gzmfd48k,"Johannesburg, South Africa",es,2023-08-11 00:00:00+00:00,30865,Johannesburg,South Africa
user_3ycqpch5,"Houston, USA",ru,2023-07-06 00:00:00+00:00,14024,Houston,USA
user_5ucdzep1,"Rio de Janeiro, Brazil",de,2023-05-28 00:00:00+00:00,40859,Rio de Janeiro,Brazil
user_sr1ug159,"Mexico City, Mexico",en,2023-10-02 00:00:00+00:00,26249,Mexico City,Mexico
user_168r2uhp,"Los Angeles, USA",ja,2023-02-07 00:00:00+00:00,11610,Los Angeles,USA
user_8s0d1h4k,"New York, USA",en,2023-04-13 00:00:00+00:00,15522,New York,USA
user_s1avt2xw,"Johannesburg, South Africa",ru,2023-01-31 00:00:00+00:00,8604,Johannesburg,South Africa
user_d1fuzi94,"Cairo, Egypt",ja,2023-01-27 00:00:00+00:00,36438,Cairo,Egypt
user_wb863i99,"Dubai, UAE",fr,2023-01-23 00:00:00+00:00,36734,Dubai,UAE
user_8bslqcpy,"Madrid, Spain",ru,2023-10-26 00:00:00+00:00,2241,Madrid,Spain
user_63jwqml9,"Chicago, USA",en,2023-06-09 00:00:00+00:00,25724,Chicago,USA
user_v4th5er7,"Lyon, France",ja,2023-04-28 00:00:00+00:00,13337,Lyon,France
user_5e47gk4r,"Milan, Italy",en,2023-12-31 00:00:00+00:00,41079,Milan,Italy
user_rsrg2sgy,"Dubai, UAE",de,2023-01-19 00:00:00+00:00,32791,Dubai,UAE
user_fgjkkrie,"Lyon, France",zh,2023-07-13 00:00:00+00:00,2211,Lyon,France
user_x2etbjko,"Barcelona, Spain",pt,2023-03-26 00:00:00+00:00,36825,Barcelona,Spain
user_as9qc2ya,"Paris, France",es,2023-12-02 00:00:00+00:00,10803,Paris,France
user_pe5yckyb,"Madrid, Spain",ru,2023-07-26 00:00:00+00:00,33737,Madrid,Spain
user_4aitv3ib,"Rio de Janeiro, Brazil",ja,2023-06-25 00:00:00+00:00,47961,Rio de Janeiro,Brazil
user_al9p1gnu,"Munich, Germany",pt,2023-04-19 00:00:00+00:00,49268,Munich,Germany
user_l0y6e71z,"Dubai, UAE",ja,2023-11-15 00:00:00+00:00,9788,Dubai,UAE
user_lialzqfp,"Lagos, Nigeria",ru,2023-01-26 00:00:00+00:00,47637,Lagos,Nigeria
user_yz6mibaj,"Dubai, UAE",ar,2023-04-17 00:00:00+00:00,10415,Dubai,UAE
user_c01tfali,"Milan, Italy",fr,2023-10-29 00:00:00+00:00,28971,Milan,Italy
user_6w7t1ijr,"Milan, Italy",en,2023-08-14 00:00:00+00:00,27442,Milan,Italy
user_k3y9gbsz,"Berlin, Germany",es,2023-05-06 00:00:00+00:00,12496,Berlin,Germany
user_nfo3ih5u,"Barcelona, Spain",ar,2023-10-29 00:00:00+00:00,40429,Barcelona,Spain
user_0ovhak73,"New York, USA",hi,2023-12-15 00:00:00+00:00,32045,New York,USA
user_dalm2g0s,"Sydney, Australia",hi,2023-05-25 00:00:00+00:00,47363,Sydney,Australia
user_vc1szta6,"Chicago, USA",ru,2023-08-18 00:00:00+00:00,16685,Chicago,USA
user_47o2zlmp,"Tokyo, Japan",pt,2023-10-22 00:00:00+00:00,9632,Tokyo,Japan
user_n6p8x5xw,"Vancouver, Canada",pt,2023-05-16 00:00:00+00:00,20355,Vancouver,Canada
user_6laec67f,"Chicago, USA",es,2023-06-16 00:00:00+00:00,6536,Chicago,USA
user_oo2yuqwk,"Mumbai, India",zh,2023-02-08 00:00:00+00:00,29705,Mumbai,India
user_om9fk7q9,"Beijing, China",ar,2023-07-21 00:00:00+00:00,30691,Beijing,China
user_9asov0m8,Singapore,hi,2023-10-09 00:00:00+00:00,49763,Singapore,
user_jyq7ygu9,"Delhi, India",pt,2023-03-02 00:00:00+00:00,9216,Delhi,India
user_osog5p0m,"Berlin, Germany",pt,2023-03-20 00:00:00+00:00,21275,Berlin,Germany
user_aroc3ncd,"Rio de Janeiro, Brazil",hi,2023-03-24 00:00:00+00:00,10428,Rio de Janeiro,Brazil
user_2pjp6tpj,"São Paulo, Brazil",de,2023-03-30 00:00:00+00:00,44592,São Paulo,Brazil
user_h5lkwga3,"Johannesburg, South Africa",ru,2023-04-30 00:00:00+00:00,26321,Johannesburg,South Africa
user_ivpoy0x1,"Seoul, South Korea",hi,2023-05-12 00:00:00+00:00,28950,Seoul,South Korea
user_g612w4ko,"Munich, Germany",de,2023-02-19 00:00:00+00:00,13591,Munich,Germany
user_z8vlb7d2,"Rome, Italy",hi,2023-09-21 00:00:00+00:00,418,Rome,Italy
user_kn46rm8k,"Mumbai, India",en,2023-01-26 00:00:00+00:00,12679,Mumbai,India
user_eg2telg5,Singapore,hi,2023-12-25 00:00:00+00:00,10015,Singapore,
user_jioz08hb,"Melbourne, Australia",ja,2023-12-30 00:00:00+00:00,11969,Melbourne,Australia
user_aqwezplu,"Cairo, Egypt",hi,2023-02-06 00:00:00+00:00,40191,Cairo,Egypt
user_lsi8z95w,Singapore,ja,2023-02-12 00:00:00+00:00,9000,Singapore,
user_wq8mex2l,"Madrid, Spain",ru,2023-01-31 00:00:00+00:00,5897,Madrid,Spain
user_zw0wri6o,"Sydney, Australia",de,2023-12-14 00:00:00+00:00,7304,Sydney,Australia
user_qxhiayyr,"Berlin, Germany",hi,2023-06-07 00:00:00+00:00,12943,Berlin,Germany
user_veuczwoc,"Seoul, South Korea",pt,2023-03-14 00:00:00+00:00,11391,Seoul,South Korea
user_cqaitbuv,"Johannesburg, South Africa",ja,2023-06-30 00:00:00+00:00,3382,Johannesburg,South Africa
user_140m58n3,"Osaka, Japan",fr,2023-06-10 00:00:00+00:00,28999,Osaka,Japan
user_sek60h67,"Vancouver, Canada",ru,2023-02-28 00:00:00+00:00,12772,Vancouver,Canada
user_5t2f5iez,"Mumbai, India",en,2023-07-15 00:00:00+00:00,29412,Mumbai,India
user_sxyhv9rg,"Madrid, Spain",hi,2023-09-30 00:00:00+00:00,23637,Madrid,Spain
user_ukkkyp0o,"Toronto, Canada",es,2023-02-28 00:00:00+00:00,28045,Toronto,Canada
user_84k7x6zn,"Barcelona, Spain",ja,2023-10-23 00:00:00+00:00,49736,Barcelona,Spain
user_i7dvhf8q,Singapore,pt,2023-01-03 00:00:00+00:00,4409,Singapore,
user_taeychos,"Barcelona, Spain",es,2023-10-12 00:00:00+00:00,38460,Barcelona,Spain
user_dfogxwx0,"London, UK",ar,2023-09-09 00:00:00+00:00,9419,London,UK
user_oc9vdes0,"Beijing, China",zh,2023-09-06 00:00:00+00:00,18354,Beijing,China
user_24wzfb8b,"Barcelona, Spain",zh,2023-02-27 00:00:00+00:00,38633,Barcelona,Spain
user_119tublg,"Berlin, Germany",zh,2023-11-02 00:00:00+00:00,26429,Berlin,Germany
user_3bumtqzs,"Munich, Germany",ar,2023-06-18 00:00:00+00:00,23677,Munich,Germany
user_xw2x8wg8,"Sydney, Australia",fr,2023-01-05 00:00:00+00:00,36009,Sydney,Australia
user_ehd44os3,"Melbourne, Australia",zh,2023-09-12 00:00:00+00:00,44782,Melbourne,Australia
user_lyfad7uf,"Melbourne, Australia",es,2023-03-29 00:00:00+00:00,49092,Melbourne,Australia
user_lynilnsu,"Paris, France",ar,2023-12-14 00:00:00+00:00,5827,Paris,France
user_cntp6452,"Shanghai, China",pt,2023-10-04 00:00:00+00:00,11329,Shanghai,China
user_vl9qiy9k,"Rome, Italy",pt,2023-06-11 00:00:00+00:00,35120,Rome,Italy
user_aasqf25g,"Osaka, Japan",fr,2023-02-18 00:00:00+00:00,48132,Osaka,Japan
user_ouh6yqhh,"Melbourne, Australia",de,2023-07-20 00:00:00+00:00,10787,Melbourne,Australia
user_a3lly7yh,"Sydney, Australia",ar,2023-09-11 00:00:00+00:00,41868,Sydney,Australia
user_0j9a7ict,"Beijing, China",de,2023-12-01 00:00:00+00:00,23031,Beijing,China
user_xzpx4dgt,"Madrid, Spain",ar,2023-12-30 00:00:00+00:00,11850,Madrid,Spain
user_hk65gky5,"Lagos, Nigeria",pt,2023-05-17 00:00:00+00:00,23277,Lagos,Nigeria
user_56ztj4ej,Singapore,zh,2023-01-20 00:00:00+00:00,33410,Singapore,
user_t69el5p0,"Dubai, UAE",ru,2023-09-30 00:00:00+00:00,47601,Dubai,UAE
user_qiay963n,"Vancouver, Canada",en,2023-09-22 00:00:00+00:00,11551,Vancouver,Canada
user_8u9g9kjp,"Los Angeles, USA",pt,2023-06-23 00:00:00+00:00,37049,Los Angeles,USA
user_adh72fga,"Beijing, China",ru,2023-06-19 00:00:00+00:00,11085,Beijing,China
user_axfqrey3,"Rome, Italy",pt,2023-11-20 00:00:00+00:00,43157,Rome,Italy
user_rmzhp5so,Singapore,ru,2023-12-06 00:00:00+00:00,22119,Singapore,
user_q3u3lr0c,"Osaka, Japan",de,2023-11-02 00:00:00+00:00,14862,Osaka,Japan
user_permtl48,"Cairo, Egypt",hi,2023-03-17 00:00:00+00:00,23881,Cairo,Egypt
user_4vtz5fph,"Berlin, Germany",de,2023-05-22 00:00:00+00:00,4310,Berlin,Germany
user_9b00jr3x,"Johannesburg, South Africa",es,2023-03-16 00:00:00+00:00,31847,Johannesburg,South Africa
user_ph0q514v,"Paris, France",pt,2023-01-16 00:00:00+00:00,31556,Paris,France
user_74ri5vbc,"New York, USA",hi,2023-09-23 00:00:00+00:00,24934,New York,USA
user_vy7kbd6u,"Cairo, Egypt",hi,2023-06-14 00:00:00+00:00,26320,Cairo,Egypt
user_tmp5lmrb,"São Paulo, Brazil",fr,2023-03-12 00:00:00+00:00,20446,São Paulo,Brazil
user_a3njsw7g,"Los Angeles, USA",zh,2023-12-03 00:00:00+00:00,4222,Los Angeles,USA
user_a7y7wdlm,"Delhi, India",ar,2023-01-28 00:00:00+00:00,38573,Delhi,India
user_qpmg4srk,"Rio de Janeiro, Brazil",zh,2023-03-02 00:00:00+00:00,33780,Rio de Janeiro,Brazil
user_zfu8q0ih,Singapore,en,2023-09-30 00:00:00+00:00,27732,Singapore,
user_dcrkgrb5,Singapore,ja,2023-03-10 00:00:00+00:00,27599,Singapore,
user_hen7rrkk,"Munich, Germany",hi,2023-04-17 00:00:00+00:00,1688,Munich,Germany
user_i8ncp2ai,"Delhi, India",fr,2023-02-12 00:00:00+00:00,49722,Delhi,India
user_bkblavjw,"London, UK",es,2023-09-23 00:00:00+00:00,32729,London,UK
user_t8lwlzoc,"Lyon, France",es,2023-08-03 00:00:00+00:00,21891,Lyon,France
user_qfevrky0,"Munich, Germany",zh,2023-02-08 00:00:00+00:00,6197,Munich,Germany
user_wy6vq77l,"Tokyo, Japan",pt,2023-02-12 00:00:00+00:00,39627,Tokyo,Japan
user_y4xv4is3,"Shanghai, China",en,2023-09-15 00:00:00+00:00,41063,Shanghai,China
user_a0oggtxs,"New York, USA",ar,2023-02-21 00:00:00+00:00,27627,New York,USA
user_aoke8xi4,"Chicago, USA",de,2023-09-09 00:00:00+00:00,34362,Chicago,USA
user_3uo85im0,"New York, USA",hi,2023-04-12 00:00:00+00:00,36466,New York,USA
user_mcchsnr8,"Munich, Germany",ar,2023-02-17 00:00:00+00:00,2602,Munich,Germany
user_81otnxj4,"Johannesburg, South Africa",de,2023-06-08 00:00:00+00:00,35715,Johannesburg,South Africa
user_bqp8mrav,"Shanghai, China",ar,2023-09-26 00:00:00+00:00,17025,Shanghai,China
user_5oe5t3js,"London, UK",ja,2023-02-08 00:00:00+00:00,3151,London,UK
user_yhe9m0z0,"Beijing, China",ar,2023-06-30 00:00:00+00:00,1655,Beijing,China
user_2rs485d7,"Sydney, Australia",hi,2023-07-15 00:00:00+00:00,37090,Sydney,Australia
user_01hav2yk,"Barcelona, Spain",es,2023-11-20 00:00:00+00:00,14971,Barcelona,Spain
user_sp9dve47,"Chicago, USA",es,2023-08-06 00:00:00+00:00,5574,Chicago,USA
user_e3cwapff,"Los Angeles, USA",zh,2023-07-10 00:00:00+00:00,14722,Los Angeles,USA
user_yq0h1va1,"Rome, Italy",pt,2023-09-07 00:00:00+00:00,2141,Rome,Italy
user_eh4ki1e0,"Paris, France",hi,2023-04-07 00:00:00+00:00,35006,Paris,France
user_lq24e3b9,"Toronto, Canada",ja,2023-02-26 00:00:00+00:00,28620,Toronto,Canada
user_x6318ftx,"New York, USA",ja,2023-05-10 00:00:00+00:00,721,New York,USA
user_d71eor1s,"Milan, Italy",de,2023-05-10 00:00:00+00:00,21073,Milan,Italy
user_44de7ixg,"New York, USA",hi,2023-03-13 00:00:00+00:00,41901,New York,USA
user_sf86dv0x,"Lyon, France",zh,2023-08-24 00:00:00+00:00,42384,Lyon,France
user_52uwmqq1,"New York, USA",es,2023-12-11 00:00:00+00:00,19204,New York,USA
user_ufyrd68a,"Munich, Germany",zh,2023-02-06 00:00:00+00:00,24756,Munich,Germany
user_5cycq2el,"Berlin, Germany",hi,2023-07-26 00:00:00+00:00,37223,Berlin,Germany
user_b92nfvv0,"Dubai, UAE",zh,2023-01-06 00:00:00+00:00,21546,Dubai,UAE
user_nuzypbfw,"Rome, Italy",es,2023-01-04 00:00:00+00:00,20169,Rome,Italy
user_zwe31kzt,"Rio de Janeiro, Brazil",en,2023-03-27 00:00:00+00:00,31220,Rio de Janeiro,Brazil
user_mtuzxdlb,"Melbourne, Australia",fr,2023-04-06 00:00:00+00:00,49341,Melbourne,Australia
user_790dw1c4,"Vancouver, Canada",ru,2023-07-23 00:00:00+00:00,31515,Vancouver,Canada
user_94mzsiik,"Cairo, Egypt",en,2023-10-29 00:00:00+00:00,43471,Cairo,Egypt
user_maie4mnu,"Delhi, India",ru,2023-07-20 00:00:00+00:00,27256,Delhi,India
user_8v39sv2i,"London, UK",pt,2023-06-26 00:00:00+00:00,36198,London,UK
user_cl1v5t2j,"Dubai, UAE",en,2023-01-23 00:00:00+00:00,11334,Dubai,UAE
user_r9mokwet,"Barcelona, Spain",ja,2023-02-26 00:00:00+00:00,22734,Barcelona,Spain
user_hjd27rwd,"Barcelona, Spain",pt,2023-09-27 00:00:00+00:00,46289,Barcelona,Spain
user_s87enj6b,"Mexico City, Mexico",ar,2023-03-11 00:00:00+00:00,43476,Mexico City,Mexico
user_86o3waw2,"Paris, France",zh,2023-07-16 00:00:00+00:00,23964,Paris,France
user_vws4jlpy,"Delhi, India",ar,2023-07-16 00:00:00+00:00,28204,Delhi,India
user_v8gtqwd5,"São Paulo, Brazil",ru,2023-07-16 00:00:00+00:00,11255,São Paulo,Brazil
user_3jedn9am,"Beijing, China",pt,2023-01-21 00:00:00+00:00,29196,Beijing,China
user_siav2csw,"Tokyo, Japan",zh,2023-06-16 00:00:00+00:00,36855,Tokyo,Japan
user_5idgm0pl,"London, UK",fr,2023-04-21 00:00:00+00:00,19110,London,UK
user_iie5vu9r,"Los Angeles, USA",fr,2023-12-19 00:00:00+00:00,46501,Los Angeles,USA
user_w1ocsyld,"Johannesburg, South Africa",fr,2023-02-01 00:00:00+00:00,39536,Johannesburg,South Africa
user_si0cvlcp,"Los Angeles, USA",ar,2023-07-17 00:00:00+00:00,8005,Los Angeles,USA
user_drbocr22,"Rio de Janeiro, Brazil",pt,2023-08-11 00:00:00+00:00,33828,Rio de Janeiro,Brazil
user_atwknpoi,"Lyon, France",ar,2023-07-10 00:00:00+00:00,41077,Lyon,France
user_cpgiv9pb,"Berlin, Germany",pt,2023-12-17 00:00:00+00:00,22450,Berlin,Germany
user_wshujk0v,"New York, USA",zh,2023-12-23 00:00:00+00:00,33066,New York,USA
user_b7x51z27,"Manchester, UK",hi,2023-03-07 00:00:00+00:00,16267,Manchester,UK
user_fq6l7e80,"Dubai, UAE",ja,2023-08-08 00:00:00+00:00,39668,Dubai,UAE
user_m80j4x3i,"Toronto, Canada",pt,2023-12-18 00:00:00+00:00,17803,Toronto,Canada
user_f45gw6pp,"Mexico City, Mexico",ar,2023-10-09 00:00:00+00:00,40345,Mexico City,Mexico
user_pi32ijrq,"Barcelona, Spain",ru,2023-12-25 00:00:00+00:00,15386,Barcelona,Spain
user_y5k6wncp,"Osaka, Japan",ar,2023-04-08 00:00:00+00:00,5760,Osaka,Japan
user_vuu7r75n,"Milan, Italy",ja,2023-06-15 00:00:00+00:00,19196,Milan,Italy
user_h229sw58,"Delhi, India",es,2023-08-09 00:00:00+00:00,34951,Delhi,India
user_hdl625jh,"Vancouver, Canada",pt,2023-03-10 00:00:00+00:00,33417,Vancouver,Canada
user_nyopcp6t,"Milan, Italy",ru,2023-05-29 00:00:00+00:00,15140,Milan,Italy
user_11phoejb,"Seoul, South Korea",es,2023-06-02 00:00:00+00:00,37944,Seoul,South Korea
user_bnf5t5ap,"Houston, USA",hi,2023-12-05 00:00:00+00:00,32253,Houston,USA
user_lv0eohsw,Singapore,de,2023-04-07 00:00:00+00:00,25133,Singapore,
user_jxfroxq0,"Paris, France",ru,2023-11-24 00:00:00+00:00,36948,Paris,France
user_uod57rwt,"Barcelona, Spain",en,2023-04-16 00:00:00+00:00,46440,Barcelona,Spain
user_7nf5hu9v,"Shanghai, China",ar,2023-07-11 00:00:00+00:00,45013,Shanghai,China
user_9rojnpuf,"Milan, Italy",en,2023-05-12 00:00:00+00:00,46823,Milan,Italy
user_jf5qblgx,"Munich, Germany",ja,2023-07-25 00:00:00+00:00,18368,Munich,Germany
user_tejbqww7,"Johannesburg, South Africa",en,2023-03-20 00:00:00+00:00,2818,Johannesburg,South Africa
user_7apw5kiv,"Melbourne, Australia",ru,2023-01-16 00:00:00+00:00,17878,Melbourne,Australia
user_1tx7gaza,"Vancouver, Canada",ru,2023-01-02 00:00:00+00:00,41034,Vancouver,Canada
user_7qyvw1tf,"New York, USA",fr,2023-10-13 00:00:00+00:00,17660,New York,USA
user_7ydlrbx2,"Johannesburg, South Africa",ar,2023-06-20 00:00:00+00:00,10358,Johannesburg,South Africa
user_9uy1b9et,"Johannesburg, South Africa",hi,2023-09-28 00:00:00+00:00,31376,Johannesburg,South Africa
user_ecizeoah,"Munich, Germany",de,2023-09-30 00:00:00+00:00,39544,Munich,Germany
user_mjgvhs2g,"Los Angeles, USA",pt,2023-06-10 00:00:00+00:00,42942,Los Angeles,USA
user_26vqb3hm,"Berlin, Germany",en,2023-11-10 00:00:00+00:00,8736,Berlin,Germany
user_mivsrvu3,"New York, USA",ja,2023-02-28 00:00:00+00:00,27855,New York,USA
user_261d32en,"Seoul, South Korea",es,2023-01-15 00:00:00+00:00,12160,Seoul,South Korea
user_pz96evl4,Singapore,hi,2023-05-10 00:00:00+00:00,30021,Singapore,
user_1ufvqzqz,"Manchester, UK",ru,2023-06-12 00:00:00+00:00,40348,Manchester,UK
user_mmusq9kc,"Osaka, Japan",zh,2023-08-14 00:00:00+00:00,29655,Osaka,Japan
user_m39invb2,"Rome, Italy",en,2023-11-23 00:00:00+00:00,47668,Rome,Italy
user_xiajv4r3,"São Paulo, Brazil",ja,2023-09-30 00:00:00+00:00,40908,São Paulo,Brazil
user_9q2g628y,"Paris, France",de,2023-03-31 00:00:00+00:00,23755,Paris,France
user_bijy5emr,"Barcelona, Spain",zh,2023-08-08 00:00:00+00:00,3165,Barcelona,Spain
user_1d3vq03j,"Osaka, Japan",hi,2023-06-19 00:00:00+00:00,5068,Osaka,Japan
user_j5okaapb,"Beijing, China",ar,2023-01-04 00:00:00+00:00,22563,Beijing,China
user_y2h9q3ov,"Houston, USA",en,2023-04-05 00:00:00+00:00,18336,Houston,USA
user_2u0k09bc,"Cairo, Egypt",zh,2023-05-25 00:00:00+00:00,11290,Cairo,Egypt
user_2kmgah02,"Houston, USA",en,2023-04-15 00:00:00+00:00,49291,Houston,USA
user_4wra4ou1,"Cairo, Egypt",es,2023-10-29 00:00:00+00:00,6822,Cairo,Egypt
user_63zia51r,"Shanghai, China",hi,2023-07-02 00:00:00+00:00,15126,Shanghai,China
user_py6fq7ii,"Delhi, India",de,2023-04-19 00:00:00+00:00,18940,Delhi,India
user_nqnv2wim,"Melbourne, Australia",ar,2023-02-10 00:00:00+00:00,1873,Melbourne,Australia
user_mvou9k6j,"Johannesburg, South Africa",pt,2023-01-14 00:00:00+00:00,19293,Johannesburg,South Africa
user_wtde66xv,"Madrid, Spain",fr,2023-01-28 00:00:00+00:00,35473,Madrid,Spain
user_pgj3c632,"Milan, Italy",de,2023-02-10 00:00:00+00:00,18655,Milan,Italy
user_sktr0cyy,"Delhi, India",ja,2023-04-06 00:00:00+00:00,42180,Delhi,India
user_qvtjkfak,"Cairo, Egypt",pt,2023-10-04 00:00:00+00:00,25714,Cairo,Egypt
user_732cckxx,"Tokyo, Japan",ja,2023-07-30 00:00:00+00:00,44573,Tokyo,Japan
user_ta69gmj0,"Lyon, France",hi,2023-01-21 00:00:00+00:00,21267,Lyon,France
user_q562no7n,"New York, USA",en,2023-04-27 00:00:00+00:00,18511,New York,USA
user_bdhs7x3v,"Melbourne, Australia",ru,2023-10-12 00:00:00+00:00,15799,Melbourne,Australia
user_fti0may3,Singapore,pt,2023-11-09 00:00:00+00:00,10669,Singapore,
user_o8hhe4wa,"Johannesburg, South Africa",en,2023-03-23 00:00:00+00:00,6637,Johannesburg,South Africa
user_pgqntl35,"Chicago, USA",ru,2023-07-15 00:00:00+00:00,47634,Chicago,USA
user_wd54p4v2,"Paris, France",ar,2023-08-18 00:00:00+00:00,26645,Paris,France
user_orpq5vct,"Chicago, USA",pt,2023-03-14 00:00:00+00:00,27107,Chicago,USA
user_ieac3mj5,"Chicago, USA",de,2023-01-04 00:00:00+00:00,28812,Chicago,USA
user_oeg9yiqz,"São Paulo, Brazil",pt,2023-12-23 00:00:00+00:00,7528,São Paulo,Brazil
user_2bd09win,"Rome, Italy",en,2023-08-10 00:00:00+00:00,11965,Rome,Italy
user_nq5irbxf,"Houston, USA",zh,2023-04-20 00:00:00+00:00,17046,Houston,USA
user_w9qotuff,"Shanghai, China",ja,2023-05-18 00:00:00+00:00,11203,Shanghai,China
user_3dxz5ulg,"Munich, Germany",pt,2023-10-07 00:00:00+00:00,24698,Munich,Germany
user_z0feut2e,"Milan, Italy",hi,2023-06-04 00:00:00+00:00,30461,Milan,Italy
user_t1ebprsv,"Shanghai, China",zh,2023-10-12 00:00:00+00:00,17682,Shanghai,China
user_vzrxsn7d,"Mexico City, Mexico",pt,2023-12-17 00:00:00+00:00,46857,Mexico City,Mexico
user_46nz84dw,"Madrid, Spain",ja,2023-09-28 00:00:00+00:00,15483,Madrid,Spain
user_vfxs1pry,"Melbourne, Australia",fr,2023-10-31 00:00:00+00:00,19932,Melbourne,Australia
user_o94skjzg,"Sydney, Australia",es,2023-07-15 00:00:00+00:00,37281,Sydney,Australia
user_owfyy4u0,"Mexico City, Mexico",ru,2023-05-06 00:00:00+00:00,31183,Mexico City,Mexico
user_x4incpcb,Singapore,en,2023-05-10 00:00:00+00:00,3061,Singapore,
user_x9480750,"Cairo, Egypt",ru,2023-11-26 00:00:00+00:00,27437,Cairo,Egypt
user_fdavvfs9,"Shanghai, China",hi,2023-10-14 00:00:00+00:00,28740,Shanghai,China
user_u51hbic9,"Milan, Italy",zh,2023-08-08 00:00:00+00:00,3531,Milan,Italy
user_qq52pl85,"Shanghai, China",pt,2023-05-10 00:00:00+00:00,23934,Shanghai,China
user_7t2gp59a,"Berlin, Germany",zh,2023-11-05 00:00:00+00:00,37446,Berlin,Germany
user_2te8mebn,"Lyon, France",fr,2023-09-07 00:00:00+00:00,8398,Lyon,France
user_0tn4l0qh,"Dubai, UAE",de,2023-08-22 00:00:00+00:00,26141,Dubai,UAE
user_azysdwyx,"Milan, Italy",es,2023-06-30 00:00:00+00:00,28547,Milan,Italy
user_rtd4u49d,"Toronto, Canada",pt,2023-11-05 00:00:00+00:00,10756,Toronto,Canada
user_io0r2qdo,"Munich, Germany",zh,2023-03-26 00:00:00+00:00,13641,Munich,Germany
user_q6c1cez7,"Madrid, Spain",pt,2023-12-03 00:00:00+00:00,28222,Madrid,Spain
user_y1n8mr0y,"Tokyo, Japan",pt,2023-11-22 00:00:00+00:00,35073,Tokyo,Japan
user_l1eyb03l,"Seoul, South Korea",ja,2023-06-01 00:00:00+00:00,32738,Seoul,South Korea
user_otg53r69,"Lagos, Nigeria",ar,2023-10-04 00:00:00+00:00,31825,Lagos,Nigeria
user_wv5x4t03,"Houston, USA",ja,2023-01-01 00:00:00+00:00,28162,Houston,USA
user_ooywbljj,"Dubai, UAE",ja,2023-01-16 00:00:00+00:00,45700,Dubai,UAE
user_j3u6uwnr,"Chicago, USA",hi,2023-12-01 00:00:00+00:00,28369,Chicago,USA
user_r4gwis5e,"Shanghai, China",en,2023-03-03 00:00:00+00:00,33811,Shanghai,China
user_slqlepta,"Lagos, Nigeria",es,2023-12-24 00:00:00+00:00,40296,Lagos,Nigeria
user_xkd9tkjq,"Sydney, Australia",ru,2023-03-15 00:00:00+00:00,5902,Sydney,Australia
user_5udnicb6,"Beijing, China",pt,2023-01-25 00:00:00+00:00,21862,Beijing,China
user_wr37s6cm,"Los Angeles, USA",ja,2023-05-02 00:00:00+00:00,40667,Los Angeles,USA
user_qmta1cuk,"Manchester, UK",zh,2023-11-26 00:00:00+00:00,44187,Manchester,UK
user_6mon7624,"Dubai, UAE",ja,2023-06-13 00:00:00+00:00,26804,Dubai,UAE
user_3318o2cp,"Cairo, Egypt",zh,2023-07-01 00:00:00+00:00,2374,Cairo,Egypt
user_4osioctr,"Barcelona, Spain",ja,2023-05-27 00:00:00+00:00,4284,Barcelona,Spain
user_cyip1pki,"Houston, USA",zh,2023-02-07 00:00:00+00:00,19792,Houston,USA
user_zz4hfjm7,"São Paulo, Brazil",ja,2023-09-14 00:00:00+00:00,18075,São Paulo,Brazil
user_soj0hvzl,"Milan, Italy",de,2023-03-30 00:00:00+00:00,14453,Milan,Italy
user_w9frojsj,"Mexico City, Mexico",de,2023-08-31 00:00:00+00:00,15881,Mexico City,Mexico
user_sgrcs7xk,"Madrid, Spain",ja,2023-12-24 00:00:00+00:00,9814,Madrid,Spain
user_mvu6hdsm,"London, UK",fr,2023-07-31 00:00:00+00:00,7432,London,UK
user_6jacneh7,"Beijing, China",ja,2023-05-29 00:00:00+00:00,32844,Beijing,China
user_jnbq8wan,"Cairo, Egypt",ja,2023-03-08 00:00:00+00:00,26014,Cairo,Egypt
user_59i5fn0m,"Delhi, India",en,2023-12-10 00:00:00+00:00,37251,Delhi,India
user_nh1o0jf3,"Seoul, South Korea",es,2023-03-24 00:00:00+00:00,23258,Seoul,South Korea
user_tzqt5z2m,"New York, USA",es,2023-10-06 00:00:00+00:00,32131,New York,USA
user_a9ysjusm,"Barcelona, Spain",zh,2023-07-22 00:00:00+00:00,21394,Barcelona,Spain
user_l35h2ubs,"São Paulo, Brazil",ar,2023-10-24 00:00:00+00:00,30281,São Paulo,Brazil
user_71fmq8vv,"Paris, France",hi,2023-07-24 00:00:00+00:00,30746,Paris,France
user_muh53in5,"Vancouver, Canada",es,2023-03-12 00:00:00+00:00,20639,Vancouver,Canada
user_lq2eprhn,"Johannesburg, South Africa",de,2023-04-21 00:00:00+00:00,2434,Johannesburg,South Africa
user_bq4d19qm,"Shanghai, China",hi,2023-03-04 00:00:00+00:00,10193,Shanghai,China
user_p6njk6q4,"London, UK",fr,2023-08-03 00:00:00+00:00,27586,London,UK
user_cpxksz4r,"Toronto, Canada",de,2023-09-17 00:00:00+00:00,49247,Toronto,Canada
user_t59clgrj,"Milan, Italy",ar,2023-10-06 00:00:00+00:00,43441,Milan,Italy
user_z9ike75w,"Cairo, Egypt",ru,2023-02-13 00:00:00+00:00,29257,Cairo,Egypt
user_hydwb1c4,"Vancouver, Canada",de,2023-08-18 00:00:00+00:00,2516,Vancouver,Canada
user_po12745v,"Osaka, Japan",pt,2023-02-13 00:00:00+00:00,40728,Osaka,Japan
user_dl3xyfx7,"Rome, Italy",hi,2023-06-05 00:00:00+00:00,16218,Rome,Italy
user_kjdhjed1,"Paris, France",en,2023-03-20 00:00:00+00:00,15413,Paris,France
user_n4b1bcqh,"Melbourne, Australia",de,2023-10-31 00:00:00+00:00,640,Melbourne,Australia
user_gcqp6ulk,"Houston, USA",zh,2023-11-21 00:00:00+00:00,42234,Houston,USA
user_gre0h06x,"Beijing, China",es,2023-11-17 00:00:00+00:00,23303,Beijing,China
user_teahnr7h,"New York, USA",ja,2023-02-18 00:00:00+00:00,30953,New York,USA
user_gg2lzb94,"Cairo, Egypt",hi,2023-01-09 00:00:00+00:00,21301,Cairo,Egypt
user_x6t03gzx,"Rome, Italy",ar,2023-10-24 00:00:00+00:00,5868,Rome,Italy
user_2ytzut7i,"Mumbai, India",fr,2023-12-03 00:00:00+00:00,17064,Mumbai,India
user_27gl0vx8,"Shanghai, China",zh,2023-12-19 00:00:00+00:00,39885,Shanghai,China
user_y21tyr3n,Singapore,hi,2023-06-20 00:00:00+00:00,26602,Singapore,
user_i45x0tl1,"Cairo, Egypt",ja,2023-06-10 00:00:00+00:00,34720,Cairo,Egypt
user_bgppnqks,"Tokyo, Japan",en,2023-12-07 00:00:00+00:00,15171,Tokyo,Japan
user_cyhf4eor,"Houston, USA",es,2023-06-03 00:00:00+00:00,14374,Houston,USA
user_k050ttnw,"Shanghai, China",ru,2023-05-10 00:00:00+00:00,48576,Shanghai,China
user_eveg7bqi,"Manchester, UK",ja,2023-04-27 00:00:00+00:00,2633,Manchester,UK
user_sb57kdx4,"Manchester, UK",pt,2023-06-04 00:00:00+00:00,27173,Manchester,UK
user_frdud4v4,"Dubai, UAE",ru,2023-04-15 00:00:00+00:00,10884,Dubai,UAE
user_5jgxm2om,"Mexico City, Mexico",en,2023-12-27 00:00:00+00:00,37353,Mexico City,Mexico
user_l0mgj0v7,"Barcelona, Spain",ja,2023-10-16 00:00:00+00:00,35851,Barcelona,Spain
user_uumiilnv,"Houston, USA",es,2023-09-01 00:00:00+00:00,1568,Houston,USA
user_68enpikx,"Houston, USA",en,2023-07-26 00:00:00+00:00,9364,Houston,USA
user_yt2525cx,"Beijing, China",ja,2023-10-09 00:00:00+00:00,13894,Beijing,China
user_xn2a0g8z,"Shanghai, China",ru,2023-06-14 00:00:00+00:00,45029,Shanghai,China
user_as209gf7,"Rio de Janeiro, Brazil",ja,2023-08-27 00:00:00+00:00,46583,Rio de Janeiro,Brazil
user_sc6w53me,"Mexico City, Mexico",de,2023-02-04 00:00:00+00:00,11958,Mexico City,Mexico
user_i4197bhy,"New York, USA",es,2023-06-20 00:00:00+00:00,37933,New York,USA
user_6k3wfv03,"Mexico City, Mexico",es,2023-06-09 00:00:00+00:00,13185,Mexico City,Mexico
user_vgdizrp5,"Rio de Janeiro, Brazil",ja,2023-01-14 00:00:00+00:00,37196,Rio de Janeiro,Brazil
user_i5ujajet,"São Paulo, Brazil",zh,2023-04-15 00:00:00+00:00,26833,São Paulo,Brazil
user_q58jkdaj,"Munich, Germany",en,2023-12-03 00:00:00+00:00,29659,Munich,Germany
user_mlvgkgpu,"Seoul, South Korea",pt,2023-07-06 00:00:00+00:00,36362,Seoul,South Korea
user_096zrz0x,"Beijing, China",ru,2023-09-30 00:00:00+00:00,44273,Beijing,China
user_n2ondgx6,"Los Angeles, USA",zh,2023-07-03 00:00:00+00:00,44576,Los Angeles,USA
user_gsa59ewq,"Houston, USA",de,2023-12-20 00:00:00+00:00,2194,Houston,USA
user_7zljw927,"Lagos, Nigeria",ar,2023-06-19 00:00:00+00:00,15964,Lagos,Nigeria
user_n0ok02rt,"Dubai, UAE",ru,2023-02-13 00:00:00+00:00,2531,Dubai,UAE
user_e36lw9zl,"Lyon, France",zh,2023-10-14 00:00:00+00:00,41399,Lyon,France
user_1ywmiv7e,"Manchester, UK",de,2023-12-15 00:00:00+00:00,41615,Manchester,UK
user_0xmoolhz,"New York, USA",zh,2023-05-05 00:00:00+00:00,34501,New York,USA
user_x47ltmhc,"Sydney, Australia",es,2023-06-11 00:00:00+00:00,30785,Sydney,Australia
user_v0ylmnbx,"Johannesburg, South Africa",de,2023-06-17 00:00:00+00:00,48811,Johannesburg,South Africa
user_y68rd0ph,"Johannesburg, South Africa",es,2023-06-04 00:00:00+00:00,11155,Johannesburg,South Africa
user_nog4qbe8,"Shanghai, China",fr,2023-04-01 00:00:00+00:00,18710,Shanghai,China
user_gphppr64,"Chicago, USA",ar,2023-08-17 00:00:00+00:00,6219,Chicago,USA
user_p84zb3bc,"São Paulo, Brazil",fr,2023-08-21 00:00:00+00:00,1245,São Paulo,Brazil
user_ct4c5m5p,"Manchester, UK",ru,2023-12-29 00:00:00+00:00,13416,Manchester,UK
user_vknr0v08,"Rome, Italy",fr,2023-06-16 00:00:00+00:00,15568,Rome,Italy
user_839fxdlb,"Mexico City, Mexico",ar,2023-05-05 00:00:00+00:00,15843,Mexico City,Mexico
user_cju18iix,"Shanghai, China",ja,2023-02-08 00:00:00+00:00,20584,Shanghai,China
user_acjcz2y7,"Tokyo, Japan",en,2023-06-11 00:00:00+00:00,35112,Tokyo,Japan
user_nwe87ftw,"Chicago, USA",zh,2023-12-16 00:00:00+00:00,20021,Chicago,USA
user_tduwgto2,"London, UK",ja,2023-10-14 00:00:00+00:00,27272,London,UK
user_93hbc8xe,"Mumbai, India",zh,2023-12-23 00:00:00+00:00,33087,Mumbai,India
user_hm5gz5e1,"Vancouver, Canada",fr,2023-10-15 00:00:00+00:00,33552,Vancouver,Canada
user_kacnf91b,"São Paulo, Brazil",hi,2023-06-13 00:00:00+00:00,38771,São Paulo,Brazil
user_7ai9sd8e,"Munich, Germany",fr,2023-05-20 00:00:00+00:00,8361,Munich,Germany
user_my2pinn7,"Chicago, USA",de,2023-06-05 00:00:00+00:00,1038,Chicago,USA
user_bmay5rsp,"Cairo, Egypt",pt,2023-11-08 00:00:00+00:00,30587,Cairo,Egypt
user_01mu2x1s,"Toronto, Canada",es,2023-11-02 00:00:00+00:00,25887,Toronto,Canada
user_brtwxcm4,"Seoul, South Korea",ar,2023-12-12 00:00:00+00:00,1802,Seoul,South Korea
user_hs5g35ed,"Lagos, Nigeria",fr,2023-11-13 00:00:00+00:00,14960,Lagos,Nigeria
user_qv5ox0hb,"Rio de Janeiro, Brazil",en,2023-03-01 00:00:00+00:00,7724,Rio de Janeiro,Brazil
user_5gi9jn4u,Singapore,en,2023-08-09 00:00:00+00:00,16464,Singapore,
user_j7xaj4fm,"Barcelona, Spain",ar,2023-10-06 00:00:00+00:00,35153,Barcelona,Spain
user_xgtlx302,"Lagos, Nigeria",ru,2023-07-20 00:00:00+00:00,42854,Lagos,Nigeria
user_cax2bqkt,"Milan, Italy",es,2023-02-18 00:00:00+00:00,2589,Milan,Italy
user_0z594tjp,"Lyon, France",zh,2023-02-25 00:00:00+00:00,36674,Lyon,France
user_bb3ygvae,Singapore,ja,2023-09-13 00:00:00+00:00,3302,Singapore,
user_yr80oaxg,"Osaka, Japan",fr,2023-01-09 00:00:00+00:00,30039,Osaka,Japan
user_smlx8234,"Mumbai, India",ru,2023-03-07 00:00:00+00:00,23563,Mumbai,India
user_rbvbyj5y,"London, UK",ru,2023-08-24 00:00:00+00:00,2857,London,UK
user_t0w6rkg0,"Melbourne, Australia",ja,2023-06-24 00:00:00+00:00,36025,Melbourne,Australia
user_k323dctm,"Barcelona, Spain",ar,2023-07-24 00:00:00+00:00,13404,Barcelona,Spain
user_ldp69jyi,"Houston, USA",en,2023-08-20 00:00:00+00:00,10057,Houston,USA
user_716l1rz5,"Mexico City, Mexico",zh,2023-09-06 00:00:00+00:00,41236,Mexico City,Mexico
user_c598rgin,"Johannesburg, South Africa",ar,2023-09-23 00:00:00+00:00,34632,Johannesburg,South Africa
user_z05ow6gf,"Melbourne, Australia",ja,2023-08-31 00:00:00+00:00,40052,Melbourne,Australia
user_pa5oa4sx,"Lagos, Nigeria",ar,2023-08-05 00:00:00+00:00,42422,Lagos,Nigeria
user_nfgm6ygg,"London, UK",hi,2023-11-23 00:00:00+00:00,44364,London,UK
user_w3hcoi82,"São Paulo, Brazil",zh,2023-04-17 00:00:00+00:00,11287,São Paulo,Brazil
user_f3mpmelw,"Lagos, Nigeria",es,2023-01-15 00:00:00+00:00,42636,Lagos,Nigeria
user_e4woaioc,"Mexico City, Mexico",ja,2023-05-16 00:00:00+00:00,19459,Mexico City,Mexico
user_gv4hxtvt,"Mexico City, Mexico",pt,2023-09-29 00:00:00+00:00,42219,Mexico City,Mexico
user_qpyuqb17,"Madrid, Spain",es,2023-02-15 00:00:00+00:00,3564,Madrid,Spain
user_8gk2so0l,"Melbourne, Australia",hi,2023-11-03 00:00:00+00:00,44235,Melbourne,Australia
user_ncbd7ffc,"Toronto, Canada",ar,2023-09-03 00:00:00+00:00,6667,Toronto,Canada
user_edi9lmxp,"Madrid, Spain",de,2023-10-04 00:00:00+00:00,22782,Madrid,Spain
user_vhbx0pma,"Rio de Janeiro, Brazil",zh,2023-10-01 00:00:00+00:00,12556,Rio de Janeiro,Brazil
user_35tibb0k,"Shanghai, China",hi,2023-05-28 00:00:00+00:00,24318,Shanghai,China
user_tv6wlfth,"Manchester, UK",pt,2023-01-31 00:00:00+00:00,34803,Manchester,UK
user_bz6biydx,"Barcelona, Spain",hi,2023-11-24 00:00:00+00:00,15283,Barcelona,Spain
user_extpr91a,"Chicago, USA",fr,2023-02-27 00:00:00+00:00,3802,Chicago,USA
user_98oho4g9,"Berlin, Germany",es,2023-10-21 00:00:00+00:00,27521,Berlin,Germany
user_qdztdeac,"Melbourne, Australia",zh,2023-08-27 00:00:00+00:00,14266,Melbourne,Australia
user_lud7izx7,"Paris, France",ru,2023-01-13 00:00:00+00:00,31791,Paris,France
user_jzxknj0a,"Tokyo, Japan",en,2023-07-21 00:00:00+00:00,23133,Tokyo,Japan
user_krbg23md,"Barcelona, Spain",ja,2023-01-25 00:00:00+00:00,31996,Barcelona,Spain
user_0j0vawcx,"Houston, USA",ja,2023-08-20 00:00:00+00:00,16446,Houston,USA
user_ral75hq0,"Shanghai, China",ja,2023-06-01 00:00:00+00:00,15628,Shanghai,China
user_yh4mti67,"Milan, Italy",de,2023-11-04 00:00:00+00:00,28053,Milan,Italy
user_v3gdku2a,"Melbourne, Australia",zh,2023-04-14 00:00:00+00:00,39286,Melbourne,Australia
user_q3gj5tmv,"Beijing, China",ja,2023-04-17 00:00:00+00:00,33820,Beijing,China
user_jca45sot,"Mumbai, India",zh,2023-12-07 00:00:00+00:00,35921,Mumbai,India
user_sfnffvo4,"Vancouver, Canada",en,2023-12-15 00:00:00+00:00,42582,Vancouver,Canada
user_yox4craa,"Melbourne, Australia",ja,2023-04-22 00:00:00+00:00,24319,Melbourne,Australia
user_yjzkhyez,"Tokyo, Japan",ar,2023-08-20 00:00:00+00:00,5089,Tokyo,Japan
user_15fd58cq,"Lyon, France",de,2023-08-14 00:00:00+00:00,16272,Lyon,France
user_kiebkz7i,"Sydney, Australia",hi,2023-06-28 00:00:00+00:00,34969,Sydney,Australia
user_us4gqp8w,"Cairo, Egypt",es,2023-06-21 00:00:00+00:00,23708,Cairo,Egypt
user_oxswrjmr,"Delhi, India",ja,2023-12-12 00:00:00+00:00,48467,Delhi,India
user_94hehp26,"London, UK",ar,2023-05-02 00:00:00+00:00,33258,London,UK
user_xqqs2vme,"Sydney, Australia",de,2023-05-11 00:00:00+00:00,24857,Sydney,Australia
user_sdb7mjpm,"Dubai, UAE",pt,2023-01-27 00:00:00+00:00,14894,Dubai,UAE
user_ep20r6t6,"Shanghai, China",de,2023-04-27 00:00:00+00:00,12761,Shanghai,China
user_c66mua3o,"Rome, Italy",hi,2023-05-09 00:00:00+00:00,34339,Rome,Italy
user_7ttenau3,"Milan, Italy",pt,2023-12-10 00:00:00+00:00,37288,Milan,Italy
user_2suxlz6r,"Toronto, Canada",de,2023-06-26 00:00:00+00:00,24550,Toronto,Canada
user_34p96r93,"Tokyo, Japan",ru,2023-03-22 00:00:00+00:00,40540,Tokyo,Japan
user_3l8kzask,"Seoul, South Korea",es,2023-09-10 00:00:00+00:00,11009,Seoul,South Korea
user_lpjugo20,"Beijing, China",zh,2023-10-30 00:00:00+00:00,15848,Beijing,China
user_fmv8168w,"Munich, Germany",fr,2023-08-18 00:00:00+00:00,32817,Munich,Germany
user_bf5c7eq4,"Lyon, France",hi,2023-06-04 00:00:00+00:00,10579,Lyon,France
user_6foacnhi,"Beijing, China",es,2023-04-17 00:00:00+00:00,48467,Beijing,China
user_ysobum87,"Seoul, South Korea",ar,2023-08-08 00:00:00+00:00,34867,Seoul,South Korea
user_uha46wkt,"Tokyo, Japan",es,2023-01-12 00:00:00+00:00,36894,Tokyo,Japan
user_5e327fyv,"Shanghai, China",en,2023-03-27 00:00:00+00:00,14216,Shanghai,China
user_qaysndm3,"Sydney, Australia",ar,2023-01-31 00:00:00+00:00,39448,Sydney,Australia
user_dixsdewf,"Beijing, China",es,2023-09-13 00:00:00+00:00,45746,Beijing,China
user_nsycb2gi,"New York, USA",ja,2023-12-15 00:00:00+00:00,49104,New York,USA
user_irfxbf0q,"Johannesburg, South Africa",fr,2023-09-17 00:00:00+00:00,3238,Johannesburg,South Africa
user_8i81i0p7,"Los Angeles, USA",en,2023-01-02 00:00:00+00:00,49518,Los Angeles,USA
user_rbtp63n2,"Munich, Germany",en,2023-12-17 00:00:00+00:00,49119,Munich,Germany
user_4irinnz8,"Los Angeles, USA",ru,2023-06-02 00:00:00+00:00,38751,Los Angeles,USA
user_ihrxnz9u,"Mexico City, Mexico",fr,2023-12-09 00:00:00+00:00,18006,Mexico City,Mexico
user_ouqw1ta1,"Tokyo, Japan",es,2023-11-21 00:00:00+00:00,38452,Tokyo,Japan
user_rr1uzkql,"Milan, Italy",de,2023-10-31 00:00:00+00:00,1069,Milan,Italy
user_azj09nr4,"London, UK",es,2023-05-02 00:00:00+00:00,40700,London,UK
user_xg8l4fvi,"Rio de Janeiro, Brazil",hi,2023-06-13 00:00:00+00:00,18949,Rio de Janeiro,Brazil
user_5r58l1kr,"Osaka, Japan",zh,2023-09-13 00:00:00+00:00,23520,Osaka,Japan
user_2413uvvt,Singapore,es,2023-05-25 00:00:00+00:00,18809,Singapore,
user_8776jund,"Delhi, India",en,2023-03-07 00:00:00+00:00,21147,Delhi,India
user_4wv36fuu,"Osaka, Japan",fr,2023-03-31 00:00:00+00:00,23582,Osaka,Japan
user_084pfdpp,"Melbourne, Australia",ar,2023-02-11 00:00:00+00:00,33781,Melbourne,Australia
user_7m4jcssq,"Rome, Italy",hi,2023-02-26 00:00:00+00:00,1114,Rome,Italy
user_5wc8pv88,Singapore,zh,2023-12-08 00:00:00+00:00,39341,Singapore,
user_1fg1p9nd,"Mumbai, India",de,2023-11-30 00:00:00+00:00,28852,Mumbai,India
user_51vr42t3,"Osaka, Japan",ja,2023-08-04 00:00:00+00:00,26761,Osaka,Japan
user_3g7d4564,"Johannesburg, South Africa",pt,2023-12-27 00:00:00+00:00,36459,Johannesburg,South Africa
user_ofpvkxmw,"Paris, France",ar,2023-10-14 00:00:00+00:00,42898,Paris,France
user_42iz424k,"Rio de Janeiro, Brazil",hi,2023-08-30 00:00:00+00:00,15154,Rio de Janeiro,Brazil
user_g634p4h2,"Cairo, Egypt",ru,2023-04-15 00:00:00+00:00,25978,Cairo,Egypt
user_7djuqed1,"Shanghai, China",zh,2023-03-11 00:00:00+00:00,26907,Shanghai,China
user_y6jql5am,"Mexico City, Mexico",en,2023-06-02 00:00:00+00:00,46697,Mexico City,Mexico
user_j3tr99n2,"Osaka, Japan",de,2023-12-17 00:00:00+00:00,23154,Osaka,Japan
user_h39vyus8,"Berlin, Germany",pt,2023-01-28 00:00:00+00:00,38397,Berlin,Germany
user_kk7dutiy,"Rio de Janeiro, Brazil",en,2023-01-05 00:00:00+00:00,19785,Rio de Janeiro,Brazil
user_jslp3nh3,"Paris, France",en,2023-01-08 00:00:00+00:00,30660,Paris,France
user_gp93zm40,"Johannesburg, South Africa",es,2023-10-23 00:00:00+00:00,9875,Johannesburg,South Africa
user_i6bgsjcr,"Barcelona, Spain",pt,2023-01-14 00:00:00+00:00,1654,Barcelona,Spain
user_kk8r2fjf,"Rio de Janeiro, Brazil",ar,2023-04-14 00:00:00+00:00,12935,Rio de Janeiro,Brazil
user_hq1akhdd,"Osaka, Japan",ja,2023-09-05 00:00:00+00:00,10354,Osaka,Japan
user_npcpkikb,"Osaka, Japan",ja,2023-12-20 00:00:00+00:00,27589,Osaka,Japan
user_u02jbwra,"London, UK",de,2023-01-24 00:00:00+00:00,8141,London,UK
user_1txxsoau,"Dubai, UAE",ru,2023-05-01 00:00:00+00:00,17465,Dubai,UAE
user_fxsobysv,"Sydney, Australia",es,2023-12-17 00:00:00+00:00,10948,Sydney,Australia
user_ha9bzru4,"Toronto, Canada",de,2023-04-09 00:00:00+00:00,608,Toronto,Canada
user_xe0wxe5p,"Osaka, Japan",de,2023-10-16 00:00:00+00:00,15012,Osaka,Japan
user_x87qma0e,"Lagos, Nigeria",fr,2023-03-28 00:00:00+00:00,39223,Lagos,Nigeria
user_j5tr3n1z,"Osaka, Japan",de,2023-07-16 00:00:00+00:00,29666,Osaka,Japan
user_m5o36yfr,"Rio de Janeiro, Brazil",ar,2023-08-11 00:00:00+00:00,36159,Rio de Janeiro,Brazil
user_248wgev4,"Osaka, Japan",zh,2023-03-16 00:00:00+00:00,9888,Osaka,Japan
user_c4qqdoi5,"Sydney, Australia",de,2023-08-09 00:00:00+00:00,44786,Sydney,Australia
user_778m0v2w,"Toronto, Canada",hi,2023-11-18 00:00:00+00:00,36094,Toronto,Canada
user_st7yzsas,"Lyon, France",ru,2023-08-29 00:00:00+00:00,9870,Lyon,France
user_cqevrtnt,"Johannesburg, South Africa",ja,2023-12-04 00:00:00+00:00,5823,Johannesburg,South Africa
user_57r6dkm6,"Vancouver, Canada",hi,2023-01-19 00:00:00+00:00,6699,Vancouver,Canada
user_dz860k6t,"Mexico City, Mexico",ru,2023-09-06 00:00:00+00:00,22727,Mexico City,Mexico
user_ja1dmtpu,"Munich, Germany",ar,2023-06-17 00:00:00+00:00,32283,Munich,Germany
user_5jnvufdb,"Delhi, India",de,2023-11-28 00:00:00+00:00,47808,Delhi,India
user_ff1fie1h,"Munich, Germany",ru,2023-01-15 00:00:00+00:00,34366,Munich,Germany
user_fw6e06ah,"Lyon, France",ja,2023-05-25 00:00:00+00:00,25305,Lyon,France
user_813rh2sb,"Mexico City, Mexico",de,2023-04-18 00:00:00+00:00,16274,Mexico City,Mexico
user_otnej75v,"Los Angeles, USA",en,2023-02-06 00:00:00+00:00,31079,Los Angeles,USA
user_j2nrh7s5,"São Paulo, Brazil",ja,2023-07-25 00:00:00+00:00,3512,São Paulo,Brazil
user_s0cvgsc5,"Berlin, Germany",ru,2023-07-20 00:00:00+00:00,36087,Berlin,Germany
user_cssz1rea,"Tokyo, Japan",hi,2023-09-09 00:00:00+00:00,7863,Tokyo,Japan
user_izlngxn6,"Shanghai, China",pt,2023-05-02 00:00:00+00:00,44716,Shanghai,China
user_zjpba9my,"Chicago, USA",es,2023-07-23 00:00:00+00:00,37507,Chicago,USA
user_m41ak7tz,"Shanghai, China",hi,2023-08-30 00:00:00+00:00,1498,Shanghai,China
user_7tzoxyvz,"Paris, France",en,2023-04-01 00:00:00+00:00,29119,Paris,France
user_r0nd04lv,"Manchester, UK",hi,2023-08-17 00:00:00+00:00,39846,Manchester,UK
user_58rc29a2,"Munich, Germany",fr,2023-09-28 00:00:00+00:00,29379,Munich,Germany
user_bov4fbd2,"Beijing, China",en,2023-03-25 00:00:00+00:00,29205,Beijing,China
user_8js3zac5,"Barcelona, Spain",ru,2023-03-15 00:00:00+00:00,16218,Barcelona,Spain
user_3o7w66o2,"Berlin, Germany",ja,2023-11-28 00:00:00+00:00,49944,Berlin,Germany
user_jck2yka1,"Berlin, Germany",en,2023-07-28 00:00:00+00:00,47158,Berlin,Germany
user_6p4r01di,"Beijing, China",hi,2023-02-07 00:00:00+00:00,41418,Beijing,China
user_tssb52vk,"Mumbai, India",ru,2023-07-12 00:00:00+00:00,43273,Mumbai,India
user_i11d4wfo,"Shanghai, China",ar,2023-05-30 00:00:00+00:00,43184,Shanghai,China
user_zlwfitj0,"Chicago, USA",ja,2023-03-06 00:00:00+00:00,3699,Chicago,USA
user_z9n3lwuk,"Mumbai, India",zh,2023-12-20 00:00:00+00:00,15158,Mumbai,India
user_suc2uijv,"Berlin, Germany",pt,2023-11-09 00:00:00+00:00,22923,Berlin,Germany
user_31qdm3s9,"Rio de Janeiro, Brazil",pt,2023-12-06 00:00:00+00:00,33635,Rio de Janeiro,Brazil
user_t4asqy15,"Houston, USA",ja,2023-02-28 00:00:00+00:00,26040,Houston,USA
user_ckgkg0br,"São Paulo, Brazil",zh,2023-02-23 00:00:00+00:00,16387,São Paulo,Brazil
user_jnal1xxn,"Los Angeles, USA",zh,2023-10-28 00:00:00+00:00,8823,Los Angeles,USA
user_3wi6ruy5,"Seoul, South Korea",zh,2023-09-29 00:00:00+00:00,28743,Seoul,South Korea
user_58if8cys,"Madrid, Spain",ar,2023-12-10 00:00:00+00:00,12998,Madrid,Spain
user_vmq5ek39,"Madrid, Spain",pt,2023-05-02 00:00:00+00:00,25187,Madrid,Spain
user_pt5esn7d,"Dubai, UAE",zh,2023-05-30 00:00:00+00:00,19081,Dubai,UAE
user_0v6j8dal,"Chicago, USA",ru,2023-10-12 00:00:00+00:00,33723,Chicago,USA
user_4glw6rrj,"Mexico City, Mexico",ar,2023-11-17 00:00:00+00:00,6004,Mexico City,Mexico
user_kk1qdsq3,"New York, USA",ru,2023-12-27 00:00:00+00:00,32189,New York,USA
user_ipbdrtzc,"São Paulo, Brazil",pt,2023-02-18 00:00:00+00:00,27349,São Paulo,Brazil
user_z6hw1i3y,"Barcelona, Spain",zh,2023-03-25 00:00:00+00:00,47636,Barcelona,Spain
user_h4lueh1i,"Sydney, Australia",en,2023-12-09 00:00:00+00:00,17902,Sydney,Australia
user_0fraxbyo,"Melbourne, Australia",es,2023-11-30 00:00:00+00:00,15607,Melbourne,Australia
user_x0g342nz,"Houston, USA",ar,2023-02-14 00:00:00+00:00,9008,Houston,USA
user_mqavwkbn,"Dubai, UAE",en,2023-05-25 00:00:00+00:00,36590,Dubai,UAE
user_v0r1gvuj,"Melbourne, Australia",zh,2023-12-25 00:00:00+00:00,47233,Melbourne,Australia
user_zeija5lf,"Munich, Germany",ar,2023-03-19 00:00:00+00:00,41461,Munich,Germany
user_1qiu13dr,"Milan, Italy",fr,2023-05-14 00:00:00+00:00,32906,Milan,Italy
user_lnbrfbja,"Melbourne, Australia",ru,2023-12-09 00:00:00+00:00,48769,Melbourne,Australia
user_4si1kva2,"Johannesburg, South Africa",ar,2023-10-08 00:00:00+00:00,48682,Johannesburg,South Africa
user_5hllls25,"Houston, USA",en,2023-07-18 00:00:00+00:00,44839,Houston,USA
user_i7gbnt1o,"Tokyo, Japan",ru,2023-10-01 00:00:00+00:00,33650,Tokyo,Japan
user_go5yskr8,"Paris, France",pt,2023-06-16 00:00:00+00:00,4905,Paris,France
user_bowkbcof,"Los Angeles, USA",ja,2023-03-12 00:00:00+00:00,40966,Los Angeles,USA
user_9nowwm9z,"Shanghai, China",pt,2023-12-18 00:00:00+00:00,43032,Shanghai,China
user_uozn4bg0,"London, UK",de,2023-10-18 00:00:00+00:00,41161,London,UK
user_g271vgx2,"London, UK",fr,2023-04-12 00:00:00+00:00,32504,London,UK
user_4i8oqswh,"Mumbai, India",fr,2023-05-09 00:00:00+00:00,8760,Mumbai,India
user_golhwj2p,"New York, USA",de,2023-05-30 00:00:00+00:00,22862,New York,USA
user_lq94qyn2,"Chicago, USA",en,2023-12-07 00:00:00+00:00,33879,Chicago,USA
user_ghvkvfa7,"Munich, Germany",en,2023-08-31 00:00:00+00:00,12899,Munich,Germany
user_h6g9kjdx,"Delhi, India",de,2023-03-12 00:00:00+00:00,2191,Delhi,India
user_5s9ifp0y,"Barcelona, Spain",hi,2023-10-29 00:00:00+00:00,28412,Barcelona,Spain
user_7jzfhdtm,"Delhi, India",zh,2023-09-22 00:00:00+00:00,44500,Delhi,India
user_m5dvw4i8,"Barcelona, Spain",fr,2023-09-30 00:00:00+00:00,2038,Barcelona,Spain
user_x2l3g4q0,"Los Angeles, USA",ja,2023-06-20 00:00:00+00:00,46088,Los Angeles,USA
user_fjvrclrt,"Munich, Germany",ar,2023-05-22 00:00:00+00:00,23614,Munich,Germany
user_przn32mt,"Mumbai, India",ru,2023-04-08 00:00:00+00:00,8050,Mumbai,India
user_5g45dehl,"Rio de Janeiro, Brazil",ar,2023-01-14 00:00:00+00:00,26719,Rio de Janeiro,Brazil
user_681nimaz,"Delhi, India",ru,2023-07-15 00:00:00+00:00,25239,Delhi,India
user_vgfgyt5r,"Chicago, USA",hi,2023-09-08 00:00:00+00:00,26413,Chicago,USA
user_xkt80br3,"Rio de Janeiro, Brazil",ru,2023-11-05 00:00:00+00:00,37687,Rio de Janeiro,Brazil
user_b8ysn8r5,"Shanghai, China",hi,2023-09-21 00:00:00+00:00,49699,Shanghai,China
user_lv9ygnvu,"Dubai, UAE",hi,2023-05-25 00:00:00+00:00,17426,Dubai,UAE
user_707p97km,"Lyon, France",es,2023-09-08 00:00:00+00:00,3039,Lyon,France
user_217ifsky,"Dubai, UAE",ja,2023-11-21 00:00:00+00:00,45783,Dubai,UAE
user_3yu3mkxs,"Tokyo, Japan",pt,2023-07-19 00:00:00+00:00,7564,Tokyo,Japan
user_nd1s5fa0,Singapore,en,2023-12-05 00:00:00+00:00,29151,Singapore,
user_ern153cu,"Rome, Italy",ar,2023-01-23 00:00:00+00:00,25695,Rome,Italy
user_rohqoenb,"Manchester, UK",en,2023-10-11 00:00:00+00:00,7323,Manchester,UK
user_n7kd29ty,"São Paulo, Brazil",fr,2023-03-21 00:00:00+00:00,46705,São Paulo,Brazil
user_h8g2fyv0,"London, UK",es,2023-07-11 00:00:00+00:00,4209,London,UK
user_olqc0pfx,"Munich, Germany",pt,2023-04-30 00:00:00+00:00,19479,Munich,Germany
user_ittg19ak,"Lyon, France",fr,2023-06-04 00:00:00+00:00,32111,Lyon,France
user_gdb4jae5,"Milan, Italy",en,2023-11-29 00:00:00+00:00,46803,Milan,Italy
user_ngs7bvtc,"Rio de Janeiro, Brazil",fr,2023-05-05 00:00:00+00:00,11568,Rio de Janeiro,Brazil
user_kr0ydzhh,"Barcelona, Spain",fr,2023-06-18 00:00:00+00:00,49836,Barcelona,Spain
user_yvvywn4j,"Los Angeles, USA",de,2023-02-07 00:00:00+00:00,41000,Los Angeles,USA
user_5lj3201e,"Seoul, South Korea",pt,2023-09-07 00:00:00+00:00,42837,Seoul,South Korea
user_vddrbq40,"Mumbai, India",zh,2023-06-07 00:00:00+00:00,39243,Mumbai,India
user_t2547yd6,"Mumbai, India",hi,2023-02-09 00:00:00+00:00,8248,Mumbai,India
user_32g9y8pw,"Beijing, China",ja,2023-08-18 00:00:00+00:00,1876,Beijing,China
user_u7nyucfk,"Manchester, UK",es,2023-09-27 00:00:00+00:00,15321,Manchester,UK
user_5v4ez5kc,"Mexico City, Mexico",fr,2023-09-06 00:00:00+00:00,7011,Mexico City,Mexico
user_auaf6zqu,"Tokyo, Japan",ja,2023-08-21 00:00:00+00:00,8613,Tokyo,Japan
user_61lc4emm,"Munich, Germany",pt,2023-11-09 00:00:00+00:00,23052,Munich,Germany
user_750rlmnw,"Mumbai, India",pt,2023-09-03 00:00:00+00:00,20546,Mumbai,India
user_sb41iss4,"Beijing, China",ar,2023-12-19 00:00:00+00:00,21850,Beijing,China
user_0rnh8g2o,"Beijing, China",ru,2023-08-31 00:00:00+00:00,41241,Beijing,China
user_t2e8zk5w,"Melbourne, Australia",ar,2023-08-21 00:00:00+00:00,28784,Melbourne,Australia
user_yqdus3x1,"Seoul, South Korea",en,2023-12-14 00:00:00+00:00,39684,Seoul,South Korea
user_15i5qfz3,"Osaka, Japan",ja,2023-04-01 00:00:00+00:00,6975,Osaka,Japan
user_7ccsgn39,"Barcelona, Spain",zh,2023-07-06 00:00:00+00:00,23684,Barcelona,Spain
user_g610crca,"São Paulo, Brazil",ar,2023-11-04 00:00:00+00:00,41246,São Paulo,Brazil
user_1egrs2d8,"Sydney, Australia",ja,2023-08-13 00:00:00+00:00,17538,Sydney,Australia
user_36v8f0yz,"Mexico City, Mexico",zh,2023-04-26 00:00:00+00:00,11654,Mexico City,Mexico
user_xjul716c,"Mumbai, India",ru,2023-05-12 00:00:00+00:00,23780,Mumbai,India
user_ercb72ke,"Cairo, Egypt",ar,2023-04-09 00:00:00+00:00,29120,Cairo,Egypt
user_cuzig14g,"Cairo, Egypt",ar,2023-05-15 00:00:00+00:00,8070,Cairo,Egypt
user_qfjg4dgu,"Rome, Italy",hi,2023-12-03 00:00:00+00:00,9926,Rome,Italy
user_lfwnie3f,"Shanghai, China",ru,2023-04-28 00:00:00+00:00,2127,Shanghai,China
user_nr13gfvy,"Madrid, Spain",zh,2023-05-01 00:00:00+00:00,29449,Madrid,Spain
user_aedwfomw,"São Paulo, Brazil",ar,2023-04-28 00:00:00+00:00,11678,São Paulo,Brazil
user_8us9faqu,Singapore,fr,2023-09-11 00:00:00+00:00,15904,Singapore,
user_xvjv6y6x,"Los Angeles, USA",es,2023-03-26 00:00:00+00:00,13992,Los Angeles,USA
user_lpbl0f5y,"Osaka, Japan",ru,2023-12-30 00:00:00+00:00,14003,Osaka,Japan
user_i2pgjzdu,"Delhi, India",ru,2023-10-16 00:00:00+00:00,36881,Delhi,India
user_pgqj40dx,"Toronto, Canada",es,2023-08-18 00:00:00+00:00,29989,Toronto,Canada
user_dkrkjvcx,"Melbourne, Australia",ja,2023-08-31 00:00:00+00:00,6682,Melbourne,Australia
user_y5l4u31p,"Rio de Janeiro, Brazil",en,2023-08-29 00:00:00+00:00,44106,Rio de Janeiro,Brazil
user_go6yx0fm,"Berlin, Germany",zh,2023-09-16 00:00:00+00:00,20088,Berlin,Germany
user_gq0rypar,"Mumbai, India",zh,2023-03-20 00:00:00+00:00,17672,Mumbai,India
user_wouds22l,"Los Angeles, USA",fr,2023-06-15 00:00:00+00:00,44825,Los Angeles,USA
user_c7t5ufm1,"Tokyo, Japan",ja,2023-08-02 00:00:00+00:00,30697,Tokyo,Japan
user_q2y6x6ct,"Delhi, India",zh,2023-04-25 00:00:00+00:00,48128,Delhi,India
user_8w06w1qu,"Melbourne, Australia",es,2023-11-11 00:00:00+00:00,41923,Melbourne,Australia
user_pwnr2cuw,"Melbourne, Australia",ja,2023-10-28 00:00:00+00:00,20965,Melbourne,Australia
user_282w0ezf,"Munich, Germany",fr,2023-10-18 00:00:00+00:00,34203,Munich,Germany
user_5cvmwjfa,"Seoul, South Korea",ru,2023-04-06 00:00:00+00:00,38237,Seoul,South Korea
user_8o6sps0v,"Chicago, USA",ja,2023-02-27 00:00:00+00:00,11740,Chicago,USA
user_uaxe52m7,"Vancouver, Canada",ru,2023-06-18 00:00:00+00:00,42324,Vancouver,Canada
user_akhce770,"São Paulo, Brazil",de,2023-11-06 00:00:00+00:00,30056,São Paulo,Brazil
user_i15alzcr,Singapore,pt,2023-07-02 00:00:00+00:00,37046,Singapore,
user_d4eat3v3,"Tokyo, Japan",de,2023-07-22 00:00:00+00:00,49914,Tokyo,Japan
user_jwbcsj0z,"Chicago, USA",fr,2023-10-17 00:00:00+00:00,6224,Chicago,USA
user_k7r639d6,"Rome, Italy",de,2023-05-14 00:00:00+00:00,358,Rome,Italy
user_74hhbvxk,"Johannesburg, South Africa",hi,2023-08-04 00:00:00+00:00,45091,Johannesburg,South Africa
user_5ifruk1b,"New York, USA",de,2023-11-15 00:00:00+00:00,3442,New York,USA
user_zsdvwipi,"Mexico City, Mexico",ru,2023-12-26 00:00:00+00:00,19291,Mexico City,Mexico
user_fy2c6qch,"Sydney, Australia",pt,2023-11-10 00:00:00+00:00,31362,Sydney,Australia
user_lkkaeb12,"Osaka, Japan",en,2023-03-25 00:00:00+00:00,36871,Osaka,Japan
user_wdpk36tw,"Shanghai, China",zh,2023-05-22 00:00:00+00:00,8351,Shanghai,China
user_v8qu1p8i,"Vancouver, Canada",ru,2023-11-01 00:00:00+00:00,36269,Vancouver,Canada
user_1uapaxtp,"Cairo, Egypt",de,2023-10-16 00:00:00+00:00,36015,Cairo,Egypt
user_l20ptiu5,"Melbourne, Australia",es,2023-11-19 00:00:00+00:00,31276,Melbourne,Australia
user_ysu054dr,Singapore,de,2023-04-16 00:00:00+00:00,13639,Singapore,
user_gxi7j44a,"Barcelona, Spain",zh,2023-07-06 00:00:00+00:00,5221,Barcelona,Spain
user_mxyu76aq,"Lyon, France",es,2023-03-28 00:00:00+00:00,48750,Lyon,France
user_3fjv1ho7,"Rio de Janeiro, Brazil",ru,2023-09-17 00:00:00+00:00,23418,Rio de Janeiro,Brazil
user_z6qgqt5r,"Beijing, China",ar,2023-10-22 00:00:00+00:00,13029,Beijing,China
user_n60azzwm,"Los Angeles, USA",en,2023-06-30 00:00:00+00:00,16767,Los Angeles,USA
user_718ipw64,"Osaka, Japan",es,2023-04-16 00:00:00+00:00,46870,Osaka,Japan
user_y0mvxe0c,"Houston, USA",pt,2023-10-17 00:00:00+00:00,27658,Houston,USA
user_1idhro2x,Singapore,es,2023-05-26 00:00:00+00:00,22564,Singapore,
user_z5ziquih,"Rio de Janeiro, Brazil",ja,2023-11-02 00:00:00+00:00,23506,Rio de Janeiro,Brazil
user_qiao0yuu,"Milan, Italy",fr,2023-08-16 00:00:00+00:00,18414,Milan,Italy
user_6qudu5ws,"Berlin, Germany",en,2023-03-18 00:00:00+00:00,44906,Berlin,Germany
user_2y7586xm,"New York, USA",hi,2023-04-02 00:00:00+00:00,19874,New York,USA
user_dcovm3wj,"Mexico City, Mexico",fr,2023-09-21 00:00:00+00:00,41224,Mexico City,Mexico
user_7xmgfrdi,"Seoul, South Korea",en,2023-08-07 00:00:00+00:00,7428,Seoul,South Korea
user_15lozcpe,"Mexico City, Mexico",zh,2023-07-28 00:00:00+00:00,44345,Mexico City,Mexico
user_wv8uyimq,"Los Angeles, USA",ja,2023-05-11 00:00:00+00:00,5498,Los Angeles,USA
user_72satzpm,"Osaka, Japan",fr,2023-11-07 00:00:00+00:00,45295,Osaka,Japan
user_e8m3xd6h,"Osaka, Japan",fr,2023-04-21 00:00:00+00:00,40451,Osaka,Japan
user_cgwp945e,"São Paulo, Brazil",de,2023-02-22 00:00:00+00:00,38693,São Paulo,Brazil
user_14ibkds2,Singapore,ar,2023-06-26 00:00:00+00:00,7361,Singapore,
user_hl5t4pj7,"Shanghai, China",fr,2023-09-12 00:00:00+00:00,6995,Shanghai,China
user_8ana73xc,"Houston, USA",pt,2023-04-23 00:00:00+00:00,28463,Houston,USA
user_puypdmp1,"Milan, Italy",zh,2023-12-29 00:00:00+00:00,13965,Milan,Italy
user_g37hrbp3,"Cairo, Egypt",ja,2023-10-29 00:00:00+00:00,6699,Cairo,Egypt
user_fietp9xk,"Shanghai, China",ru,2023-09-30 00:00:00+00:00,40252,Shanghai,China
user_i1cf6it0,"Los Angeles, USA",ru,2023-08-28 00:00:00+00:00,15096,Los Angeles,USA
user_gqley07k,"São Paulo, Brazil",hi,2023-12-04 00:00:00+00:00,23356,São Paulo,Brazil
user_acrnl9py,"Vancouver, Canada",zh,2023-01-24 00:00:00+00:00,5971,Vancouver,Canada
user_xi0hyp64,"Barcelona, Spain",en,2023-11-14 00:00:00+00:00,5346,Barcelona,Spain
user_gixgrawk,"São Paulo, Brazil",fr,2023-06-25 00:00:00+00:00,23531,São Paulo,Brazil
user_l7r2bz9p,Singapore,hi,2023-09-06 00:00:00+00:00,44363,Singapore,
user_w5e6fyqi,"Rome, Italy",ar,2023-09-01 00:00:00+00:00,22994,Rome,Italy
user_634lriof,"London, UK",ja,2023-01-21 00:00:00+00:00,12327,London,UK
user_z9zzi99c,"New York, USA",hi,2023-03-07 00:00:00+00:00,27660,New York,USA
user_xy18u6gg,"Milan, Italy",pt,2023-11-11 00:00:00+00:00,22786,Milan,Italy
user_4f8xfwc5,"Beijing, China",ja,2023-03-23 00:00:00+00:00,14834,Beijing,China
user_pdbi7llj,"Johannesburg, South Africa",fr,2023-08-20 00:00:00+00:00,789,Johannesburg,South Africa
user_ho2plm16,"Houston, USA",en,2023-11-28 00:00:00+00:00,37616,Houston,USA
user_zrm2zekc,"Rio de Janeiro, Brazil",pt,2023-05-29 00:00:00+00:00,6381,Rio de Janeiro,Brazil
user_tq6e1kd2,"Melbourne, Australia",pt,2023-03-06 00:00:00+00:00,48440,Melbourne,Australia
user_egkvyaal,"Beijing, China",zh,2023-08-27 00:00:00+00:00,47080,Beijing,China
user_wggdllvb,"Barcelona, Spain",fr,2023-12-01 00:00:00+00:00,42749,Barcelona,Spain
user_vbe572r4,"Mumbai, India",es,2023-12-12 00:00:00+00:00,19318,Mumbai,India
user_g5a3zs71,"Lyon, France",fr,2023-12-06 00:00:00+00:00,26819,Lyon,France
user_vzy4krml,"Sydney, Australia",fr,2023-12-24 00:00:00+00:00,6272,Sydney,Australia
user_bnswpe65,"Sydney, Australia",hi,2023-08-17 00:00:00+00:00,20002,Sydney,Australia
user_7selb7kr,"Rio de Janeiro, Brazil",de,2023-11-18 00:00:00+00:00,28542,Rio de Janeiro,Brazil
user_u98jwp3f,"Chicago, USA",zh,2023-04-20 00:00:00+00:00,49936,Chicago,USA
user_r8fgmygb,"London, UK",zh,2023-09-19 00:00:00+00:00,5462,London,UK
user_1nt0zhsu,"Toronto, Canada",ru,2023-10-24 00:00:00+00:00,45771,Toronto,Canada
user_498vaurf,"Dubai, UAE",zh,2023-02-24 00:00:00+00:00,39939,Dubai,UAE
user_jpjfe0mm,"Lyon, France",en,2023-10-11 00:00:00+00:00,26099,Lyon,France
user_c6x0yszg,"Melbourne, Australia",ar,2023-04-13 00:00:00+00:00,48384,Melbourne,Australia
user_ec3q4urm,"Cairo, Egypt",zh,2023-02-14 00:00:00+00:00,26940,Cairo,Egypt
user_hfqxjqrc,"Vancouver, Canada",en,2023-12-09 00:00:00+00:00,39278,Vancouver,Canada
user_eocjg4nr,"Johannesburg, South Africa",es,2023-08-13 00:00:00+00:00,7268,Johannesburg,South Africa
user_16e488cy,"Madrid, Spain",hi,2023-01-19 00:00:00+00:00,30617,Madrid,Spain
user_v469etxv,Singapore,fr,2023-11-15 00:00:00+00:00,23469,Singapore,
user_fqfldx38,"Melbourne, Australia",ru,2023-01-26 00:00:00+00:00,25120,Melbourne,Australia
user_k3wqnnz3,"Lagos, Nigeria",ja,2023-05-29 00:00:00+00:00,41608,Lagos,Nigeria
user_8css3app,"Chicago, USA",en,2023-01-27 00:00:00+00:00,24506,Chicago,USA
user_i1e1kek5,"Vancouver, Canada",zh,2023-10-01 00:00:00+00:00,46765,Vancouver,Canada
user_zq2nib62,"Delhi, India",ja,2023-08-05 00:00:00+00:00,5153,Delhi,India
user_ffgz3fqf,"Los Angeles, USA",ja,2023-04-05 00:00:00+00:00,39085,Los Angeles,USA
user_aygdsxd5,"Beijing, China",fr,2023-07-08 00:00:00+00:00,11602,Beijing,China
user_peh5363f,"Munich, Germany",ja,2023-09-08 00:00:00+00:00,5225,Munich,Germany
user_mb4v71r8,"Manchester, UK",fr,2023-02-01 00:00:00+00:00,34078,Manchester,UK
user_g4wvcqoa,"Delhi, India",de,2023-07-13 00:00:00+00:00,20556,Delhi,India
user_r46af80k,"Berlin, Germany",pt,2023-12-08 00:00:00+00:00,25928,Berlin,Germany
user_c66o14p3,"Osaka, Japan",ja,2023-01-04 00:00:00+00:00,24996,Osaka,Japan
user_g8q08z4s,"Seoul, South Korea",es,2023-02-14 00:00:00+00:00,19765,Seoul,South Korea
user_y0v0eo61,"Berlin, Germany",hi,2023-01-03 00:00:00+00:00,12771,Berlin,Germany
user_t7fnjde0,"Rome, Italy",zh,2023-09-21 00:00:00+00:00,15051,Rome,Italy
user_q6zxw0b0,"Mumbai, India",hi,2023-03-11 00:00:00+00:00,11339,Mumbai,India
user_y2kevkc6,"Shanghai, China",ru,2023-06-13 00:00:00+00:00,23145,Shanghai,China
user_5td0e1us,Singapore,en,2023-02-14 00:00:00+00:00,6747,Singapore,
user_avt1fzq5,"São Paulo, Brazil",ar,2023-06-03 00:00:00+00:00,47923,São Paulo,Brazil
user_l9mm6sge,"Munich, Germany",en,2023-04-04 00:00:00+00:00,19754,Munich,Germany
user_tjmmxujl,"São Paulo, Brazil",hi,2023-10-08 00:00:00+00:00,6675,São Paulo,Brazil
user_cp951gop,"Houston, USA",ar,2023-06-24 00:00:00+00:00,31879,Houston,USA
user_gv4jqg3n,"Toronto, Canada",es,2023-08-27 00:00:00+00:00,27493,Toronto,Canada
user_maxv53zu,"Melbourne, Australia",zh,2023-06-08 00:00:00+00:00,40782,Melbourne,Australia
user_bs6fwfa7,"Sydney, Australia",pt,2023-01-14 00:00:00+00:00,8103,Sydney,Australia
user_zgfowqqb,"Munich, Germany",de,2023-11-30 00:00:00+00:00,34765,Munich,Germany
user_ujllj1n7,"Chicago, USA",es,2023-12-04 00:00:00+00:00,49855,Chicago,USA
user_17wg6hsy,"Lagos, Nigeria",pt,2023-10-27 00:00:00+00:00,19199,Lagos,Nigeria
user_pwkizrc1,Singapore,hi,2023-04-15 00:00:00+00:00,12613,Singapore,
user_4zp9ao9r,"Berlin, Germany",de,2023-05-25 00:00:00+00:00,11678,Berlin,Germany
user_mtg94j65,Singapore,es,2023-01-09 00:00:00+00:00,20212,Singapore,
user_tmjtxubu,"Seoul, South Korea",ja,2023-05-07 00:00:00+00:00,48104,Seoul,South Korea
user_l29bqzje,"Mumbai, India",de,2023-05-20 00:00:00+00:00,14125,Mumbai,India
user_7fzzash4,"Milan, Italy",ar,2023-07-11 00:00:00+00:00,15535,Milan,Italy
user_66dni3rx,"Manchester, UK",en,2023-08-08 00:00:00+00:00,2893,Manchester,UK
user_owjibgyy,"Barcelona, Spain",en,2023-04-04 00:00:00+00:00,30139,Barcelona,Spain
user_tyte2cxw,"Chicago, USA",ru,2023-08-29 00:00:00+00:00,7823,Chicago,USA
user_skkg3n6w,"Lagos, Nigeria",fr,2023-11-20 00:00:00+00:00,43957,Lagos,Nigeria
user_gxehbnkq,"Tokyo, Japan",ru,2023-07-02 00:00:00+00:00,44124,Tokyo,Japan
user_he4o0aak,"Paris, France",ja,2023-01-04 00:00:00+00:00,42872,Paris,France
user_eq3xvzzh,"Cairo, Egypt",zh,2023-11-19 00:00:00+00:00,8670,Cairo,Egypt
user_qobhni7e,"Lyon, France",es,2023-01-26 00:00:00+00:00,17295,Lyon,France
user_x24wilk1,"London, UK",ru,2023-09-12 00:00:00+00:00,35907,London,UK
user_1r0kftmv,"Los Angeles, USA",ru,2023-06-11 00:00:00+00:00,5380,Los Angeles,USA
user_pd05k44w,"Dubai, UAE",es,2023-08-19 00:00:00+00:00,7370,Dubai,UAE
user_5wmdl0y4,"Dubai, UAE",hi,2023-07-11 00:00:00+00:00,49404,Dubai,UAE
user_0q7j2ayv,"Rio de Janeiro, Brazil",pt,2023-01-17 00:00:00+00:00,23427,Rio de Janeiro,Brazil
user_mpu4oig7,"Osaka, Japan",ja,2023-02-28 00:00:00+00:00,23515,Osaka,Japan
user_wv2z6vw8,"Milan, Italy",ar,2023-02-06 00:00:00+00:00,28937,Milan,Italy
user_nha6qskx,"Osaka, Japan",de,2023-11-07 00:00:00+00:00,38177,Osaka,Japan
user_e4rss07t,"Houston, USA",ja,2023-07-24 00:00:00+00:00,578,Houston,USA
user_2s55cc9o,"Melbourne, Australia",ja,2023-01-15 00:00:00+00:00,33673,Melbourne,Australia
user_5l88n5x2,"Tokyo, Japan",ru,2023-08-16 00:00:00+00:00,8779,Tokyo,Japan
user_w7032rkh,"Dubai, UAE",zh,2023-11-26 00:00:00+00:00,16258,Dubai,UAE
user_yo4lkmee,"Manchester, UK",ar,2023-08-31 00:00:00+00:00,32712,Manchester,UK
user_x2t8qu7s,"Manchester, UK",en,2023-05-22 00:00:00+00:00,32551,Manchester,UK
user_r9b95awv,"Houston, USA",ar,2023-08-01 00:00:00+00:00,19206,Houston,USA
user_4oo5d5h3,"São Paulo, Brazil",ja,2023-04-14 00:00:00+00:00,13017,São Paulo,Brazil
user_sypzgjkq,"Houston, USA",es,2023-01-08 00:00:00+00:00,251,Houston,USA
user_8wk0j5ae,"Los Angeles, USA",zh,2023-11-01 00:00:00+00:00,36943,Los Angeles,USA
user_cgba70jv,"Chicago, USA",fr,2023-05-19 00:00:00+00:00,24984,Chicago,USA
user_rscyqide,"Shanghai, China",es,2023-02-13 00:00:00+00:00,4478,Shanghai,China
user_w8tmoixg,"Dubai, UAE",ru,2023-05-06 00:00:00+00:00,26227,Dubai,UAE
user_nz4b01j0,"Munich, Germany",ru,2023-07-07 00:00:00+00:00,19419,Munich,Germany
user_kdpzdt3l,"Manchester, UK",ar,2023-10-03 00:00:00+00:00,8661,Manchester,UK
user_ul9vcts3,"Madrid, Spain",ar,2023-10-25 00:00:00+00:00,36347,Madrid,Spain
user_wn6shb1b,"Melbourne, Australia",ar,2023-04-17 00:00:00+00:00,34188,Melbourne,Australia
user_l69l878q,"Milan, Italy",pt,2023-04-11 00:00:00+00:00,5305,Milan,Italy
user_rj984hbd,"Los Angeles, USA",pt,2023-11-20 00:00:00+00:00,29909,Los Angeles,USA
user_b0i0cdr4,"Munich, Germany",zh,2023-06-27 00:00:00+00:00,18616,Munich,Germany
user_7nemrhnp,"Tokyo, Japan",ar,2023-08-21 00:00:00+00:00,33408,Tokyo,Japan
user_k4pr4zkz,"Dubai, UAE",pt,2023-10-22 00:00:00+00:00,33474,Dubai,UAE
user_4mf7je2u,"Seoul, South Korea",es,2023-12-29 00:00:00+00:00,36544,Seoul,South Korea
user_ufolriaa,"Manchester, UK",fr,2023-01-31 00:00:00+00:00,13928,Manchester,UK
user_ei2dj82r,"Beijing, China",en,2023-12-31 00:00:00+00:00,39910,Beijing,China
user_6e99lerx,"Berlin, Germany",zh,2023-06-09 00:00:00+00:00,25366,Berlin,Germany
user_kvu7ljf2,"São Paulo, Brazil",es,2023-06-18 00:00:00+00:00,15383,São Paulo,Brazil
user_vebae5wn,"Melbourne, Australia",ja,2023-11-08 00:00:00+00:00,26919,Melbourne,Australia
user_jrqo44md,"Munich, Germany",en,2023-10-01 00:00:00+00:00,3826,Munich,Germany
user_sk29dqyu,"Lagos, Nigeria",ar,2023-11-04 00:00:00+00:00,18327,Lagos,Nigeria
user_4f8e57uf,"Paris, France",de,2023-07-28 00:00:00+00:00,38172,Paris,France
user_rogn8kmu,"Vancouver, Canada",en,2023-01-27 00:00:00+00:00,21664,Vancouver,Canada
user_2lslaaod,"Lyon, France",pt,2023-07-10 00:00:00+00:00,7105,Lyon,France
user_kq59zq55,"Delhi, India",zh,2023-01-07 00:00:00+00:00,7868,Delhi,India
user_p1ckbgu0,"Beijing, China",hi,2023-02-17 00:00:00+00:00,844,Beijing,China
user_7walmm9o,"Toronto, Canada",ar,2023-07-25 00:00:00+00:00,40824,Toronto,Canada
user_0lbnqegj,"Osaka, Japan",ru,2023-03-30 00:00:00+00:00,6358,Osaka,Japan
user_zhiuj226,"Delhi, India",hi,2023-11-19 00:00:00+00:00,40671,Delhi,India
user_mzrknkeu,"Manchester, UK",en,2023-12-21 00:00:00+00:00,24439,Manchester,UK
user_gl6nmk6h,"Rome, Italy",de,2023-09-22 00:00:00+00:00,6996,Rome,Italy
user_qw0xi52z,"New York, USA",fr,2023-08-10 00:00:00+00:00,48086,New York,USA
user_potbol01,"Munich, Germany",hi,2023-10-21 00:00:00+00:00,26392,Munich,Germany
user_14r9qzdz,"Madrid, Spain",ar,2023-04-07 00:00:00+00:00,16489,Madrid,Spain
user_lvmec9t6,"Los Angeles, USA",ja,2023-03-31 00:00:00+00:00,7089,Los Angeles,USA
user_2wy1g2f0,"London, UK",en,2023-02-19 00:00:00+00:00,5197,London,UK
user_54ebzr3z,"London, UK",zh,2023-08-30 00:00:00+00:00,606,London,UK
user_u7cey8cm,"Mumbai, India",fr,2023-05-23 00:00:00+00:00,32295,Mumbai,India
user_uerv85na,"Rome, Italy",de,2023-04-30 00:00:00+00:00,1824,Rome,Italy
user_bqmsj27g,"Lyon, France",ru,2023-08-29 00:00:00+00:00,30740,Lyon,France
user_2tbdto09,"Melbourne, Australia",es,2023-01-17 00:00:00+00:00,15224,Melbourne,Australia
user_outa8g9m,"Milan, Italy",es,2023-03-31 00:00:00+00:00,6019,Milan,Italy
user_swf9alie,"Dubai, UAE",es,2023-10-27 00:00:00+00:00,23651,Dubai,UAE
user_6aqnsm4k,"Los Angeles, USA",ar,2023-11-19 00:00:00+00:00,18647,Los Angeles,USA
user_jh3b8sqc,"São Paulo, Brazil",zh,2023-02-23 00:00:00+00:00,7366,São Paulo,Brazil
user_4ofue7ij,"Vancouver, Canada",hi,2023-04-01 00:00:00+00:00,25917,Vancouver,Canada
user_wyeb78qv,"Dubai, UAE",pt,2023-09-02 00:00:00+00:00,24634,Dubai,UAE
user_zg4kjiw1,"Rome, Italy",ja,2023-03-05 00:00:00+00:00,35298,Rome,Italy
user_k50p8lf4,"Berlin, Germany",es,2023-07-02 00:00:00+00:00,10744,Berlin,Germany
user_njtvacei,"Dubai, UAE",fr,2023-09-13 00:00:00+00:00,8100,Dubai,UAE
user_6q9v2e5a,"Milan, Italy",pt,2023-01-07 00:00:00+00:00,35445,Milan,Italy
user_sc48kef8,"Vancouver, Canada",en,2023-03-01 00:00:00+00:00,14772,Vancouver,Canada
user_rfx3nz4u,"London, UK",de,2023-01-23 00:00:00+00:00,20354,London,UK
user_tmvu514q,"New York, USA",es,2023-02-28 00:00:00+00:00,42732,New York,USA
user_q4xj4dj6,"Beijing, China",pt,2023-02-03 00:00:00+00:00,29536,Beijing,China
user_asywpn6e,"Paris, France",en,2023-06-20 00:00:00+00:00,28990,Paris,France
user_wwjfzbxm,"Paris, France",pt,2023-04-10 00:00:00+00:00,2328,Paris,France
user_ffnoykfo,"Barcelona, Spain",pt,2023-02-07 00:00:00+00:00,37122,Barcelona,Spain
user_vwiysddq,"Chicago, USA",ar,2023-02-04 00:00:00+00:00,32766,Chicago,USA
user_o8le7hqf,"Paris, France",zh,2023-06-26 00:00:00+00:00,13313,Paris,France
user_jm7686o2,"Rome, Italy",en,2023-03-23 00:00:00+00:00,3152,Rome,Italy
user_0jp66e6p,"São Paulo, Brazil",es,2023-06-21 00:00:00+00:00,21437,São Paulo,Brazil
user_45oah4w1,"Tokyo, Japan",hi,2023-09-25 00:00:00+00:00,43306,Tokyo,Japan
user_x3ozm1i6,"Lagos, Nigeria",ru,2023-08-02 00:00:00+00:00,39598,Lagos,Nigeria
user_8ryfkdug,"Mumbai, India",hi,2023-08-07 00:00:00+00:00,34796,Mumbai,India
user_d3ymednx,"Lyon, France",zh,2023-07-27 00:00:00+00:00,17904,Lyon,France
user_4jixdawy,"Barcelona, Spain",pt,2023-01-01 00:00:00+00:00,3507,Barcelona,Spain
user_oarrz3h1,"Los Angeles, USA",de,2023-09-07 00:00:00+00:00,36319,Los Angeles,USA
user_z5l7dqzu,"Delhi, India",fr,2023-03-31 00:00:00+00:00,22128,Delhi,India
user_pnb7ohhm,"Delhi, India",ru,2023-01-16 00:00:00+00:00,23748,Delhi,India
user_wb4t2r58,"Chicago, USA",es,2023-02-28 00:00:00+00:00,8509,Chicago,USA
user_nlubv6mf,"Vancouver, Canada",fr,2023-08-18 00:00:00+00:00,41962,Vancouver,Canada
user_i52at5kz,"Vancouver, Canada",pt,2023-05-11 00:00:00+00:00,5608,Vancouver,Canada
user_44h4xl31,"Houston, USA",ru,2023-11-12 00:00:00+00:00,48691,Houston,USA
user_skl4j2ok,Singapore,ar,2023-02-24 00:00:00+00:00,47412,Singapore,
user_2a9bu71t,"Los Angeles, USA",fr,2023-08-15 00:00:00+00:00,20046,Los Angeles,USA
user_37dj1hp7,"Dubai, UAE",fr,2023-08-11 00:00:00+00:00,28253,Dubai,UAE
user_cbswmk3b,"Beijing, China",ru,2023-02-22 00:00:00+00:00,8109,Beijing,China
user_rifmkpck,"Mumbai, India",ar,2023-01-06 00:00:00+00:00,1074,Mumbai,India
user_t38nl55r,"Berlin, Germany",ja,2023-06-09 00:00:00+00:00,6743,Berlin,Germany
user_wbk1x0kc,"Vancouver, Canada",fr,2023-01-06 00:00:00+00:00,41361,Vancouver,Canada
user_9r55gqow,"Cairo, Egypt",es,2023-08-20 00:00:00+00:00,29901,Cairo,Egypt
user_bqemwj0m,"Dubai, UAE",fr,2023-01-01 00:00:00+00:00,14780,Dubai,UAE
user_7rdiojrn,"Mumbai, India",ja,2023-12-17 00:00:00+00:00,40870,Mumbai,India
user_44c2rr04,"Mumbai, India",ar,2023-10-26 00:00:00+00:00,33035,Mumbai,India
user_zmk7o7v0,"Mexico City, Mexico",ru,2023-06-23 00:00:00+00:00,14414,Mexico City,Mexico
user_sq4ch5k2,"Chicago, USA",en,2023-12-30 00:00:00+00:00,11867,Chicago,USA
user_fbi471s9,"Shanghai, China",fr,2023-10-30 00:00:00+00:00,2778,Shanghai,China
user_v4g3pbbm,"Chicago, USA",zh,2023-08-10 00:00:00+00:00,24691,Chicago,USA
user_ukynz4tc,"Tokyo, Japan",ja,2023-06-26 00:00:00+00:00,32068,Tokyo,Japan
user_w4p8zi5g,"Madrid, Spain",hi,2023-02-10 00:00:00+00:00,7103,Madrid,Spain
user_ear3km1w,"Barcelona, Spain",ru,2023-08-01 00:00:00+00:00,2797,Barcelona,Spain
user_0xl8jeow,"Dubai, UAE",pt,2023-02-14 00:00:00+00:00,24454,Dubai,UAE
user_bexy30h4,"Mumbai, India",en,2023-04-14 00:00:00+00:00,44016,Mumbai,India
user_tdtogzrh,"Paris, France",hi,2023-12-01 00:00:00+00:00,42085,Paris,France
user_qztfr35l,"Vancouver, Canada",ar,2023-01-29 00:00:00+00:00,39486,Vancouver,Canada
user_yti77nnr,"Toronto, Canada",en,2023-05-15 00:00:00+00:00,24728,Toronto,Canada
user_yu2w96i5,"Delhi, India",hi,2023-03-19 00:00:00+00:00,9772,Delhi,India
user_056jjlrt,Singapore,ja,2023-01-16 00:00:00+00:00,41352,Singapore,
user_kywmd97r,"Cairo, Egypt",ar,2023-05-26 00:00:00+00:00,47309,Cairo,Egypt
user_mc45jax7,"Madrid, Spain",en,2023-08-09 00:00:00+00:00,32003,Madrid,Spain
user_9ah9kjau,"Beijing, China",fr,2023-11-10 00:00:00+00:00,43313,Beijing,China
user_skyrjwge,"Chicago, USA",en,2023-09-25 00:00:00+00:00,17357,Chicago,USA
user_8rtb88jl,"Mexico City, Mexico",ru,2023-07-23 00:00:00+00:00,15053,Mexico City,Mexico
user_ml9aeuua,"Beijing, China",ja,2023-02-02 00:00:00+00:00,37131,Beijing,China
user_1ol09hyk,"Sydney, Australia",ru,2023-10-11 00:00:00+00:00,42907,Sydney,Australia
user_5a2qumkk,"Madrid, Spain",es,2023-04-06 00:00:00+00:00,45960,Madrid,Spain
user_2515g13o,"Melbourne, Australia",fr,2023-12-05 00:00:00+00:00,25991,Melbourne,Australia
user_nceqgt3f,"Toronto, Canada",es,2023-04-26 00:00:00+00:00,41263,Toronto,Canada
user_a0bf0ref,"Madrid, Spain",pt,2023-11-25 00:00:00+00:00,29706,Madrid,Spain
user_pepwpd8e,"Lyon, France",pt,2023-05-27 00:00:00+00:00,4752,Lyon,France
user_evp5iscs,"Shanghai, China",es,2023-11-27 00:00:00+00:00,20700,Shanghai,China
user_ubmd2e2f,"Madrid, Spain",zh,2023-01-26 00:00:00+00:00,40338,Madrid,Spain
user_2a5282v7,"Toronto, Canada",hi,2023-10-13 00:00:00+00:00,18564,Toronto,Canada
user_ypmvx9m4,"Manchester, UK",es,2023-01-19 00:00:00+00:00,35088,Manchester,UK
user_8relh62l,"Munich, Germany",zh,2023-08-19 00:00:00+00:00,1151,Munich,Germany
user_nkptgzfk,"Paris, France",ja,2023-09-09 00:00:00+00:00,38786,Paris,France
user_ze63it02,"Milan, Italy",ja,2023-04-06 00:00:00+00:00,37116,Milan,Italy
user_rv5qhh6q,"Manchester, UK",pt,2023-03-23 00:00:00+00:00,5256,Manchester,UK
user_4kq6t8bb,"Seoul, South Korea",en,2023-05-08 00:00:00+00:00,38929,Seoul,South Korea
user_8az9uasg,"Cairo, Egypt",zh,2023-10-24 00:00:00+00:00,6263,Cairo,Egypt
user_nj30zbtv,"Mumbai, India",de,2023-01-17 00:00:00+00:00,18202,Mumbai,India
user_38xako3d,"Johannesburg, South Africa",en,2023-05-20 00:00:00+00:00,26614,Johannesburg,South Africa
user_kz59girv,"Dubai, UAE",pt,2023-08-19 00:00:00+00:00,48794,Dubai,UAE
user_h7u7wi0n,"Delhi, India",ja,2023-06-17 00:00:00+00:00,37912,Delhi,India
user_yrth0u5v,"Milan, Italy",hi,2023-08-21 00:00:00+00:00,6499,Milan,Italy
user_aaiari8o,"Rome, Italy",ar,2023-08-18 00:00:00+00:00,16038,Rome,Italy
user_wf6fogvd,"Osaka, Japan",de,2023-09-12 00:00:00+00:00,48576,Osaka,Japan
user_ywa69u1f,"Milan, Italy",zh,2023-09-30 00:00:00+00:00,21259,Milan,Italy
user_df7hi7fy,"London, UK",ja,2023-09-05 00:00:00+00:00,25475,London,UK
user_7jn7qu75,"Sydney, Australia",ja,2023-07-14 00:00:00+00:00,25306,Sydney,Australia
user_dtqoi70v,"New York, USA",en,2023-03-21 00:00:00+00:00,43807,New York,USA
user_pk1ptdj4,"Dubai, UAE",ru,2023-11-16 00:00:00+00:00,48116,Dubai,UAE
user_yx62v2ol,"Delhi, India",fr,2023-06-08 00:00:00+00:00,21569,Delhi,India
user_hko8pxwz,"Chicago, USA",es,2023-03-08 00:00:00+00:00,42258,Chicago,USA
user_jnknxe13,"Lagos, Nigeria",ar,2023-08-30 00:00:00+00:00,35496,Lagos,Nigeria
user_hdwsy3nf,"Vancouver, Canada",fr,2023-03-28 00:00:00+00:00,10597,Vancouver,Canada
user_ga23fa19,"Toronto, Canada",fr,2023-08-11 00:00:00+00:00,17759,Toronto,Canada
user_e68x1vfa,"New York, USA",hi,2023-05-18 00:00:00+00:00,14402,New York,USA
user_40dkmjju,"Delhi, India",ru,2023-09-15 00:00:00+00:00,24631,Delhi,India
user_cdzp4vm2,"Beijing, China",ru,2023-05-22 00:00:00+00:00,11187,Beijing,China
user_3u7xgcuc,"Rome, Italy",fr,2023-10-06 00:00:00+00:00,11332,Rome,Italy
user_4mu1c80o,"Houston, USA",fr,2023-05-13 00:00:00+00:00,11711,Houston,USA
user_7vqtuvea,"Milan, Italy",fr,2023-04-29 00:00:00+00:00,29183,Milan,Italy
user_j5l1l3j3,"Milan, Italy",ja,2023-08-03 00:00:00+00:00,24370,Milan,Italy
user_t635oen6,"Johannesburg, South Africa",ru,2023-09-17 00:00:00+00:00,4167,Johannesburg,South Africa
user_8svvq28t,"Tokyo, Japan",de,2023-07-11 00:00:00+00:00,14540,Tokyo,Japan
user_a3pgcgw9,"São Paulo, Brazil",ru,2023-01-05 00:00:00+00:00,9882,São Paulo,Brazil
user_c6zjvhsi,"Munich, Germany",pt,2023-08-30 00:00:00+00:00,20781,Munich,Germany
user_mzxfajfz,Singapore,hi,2023-02-28 00:00:00+00:00,24372,Singapore,
user_04aagjp1,"Rio de Janeiro, Brazil",de,2023-10-31 00:00:00+00:00,19180,Rio de Janeiro,Brazil
user_fhm7i47h,"Beijing, China",hi,2023-06-20 00:00:00+00:00,43143,Beijing,China
user_y0232w01,"Johannesburg, South Africa",fr,2023-04-01 00:00:00+00:00,14198,Johannesburg,South Africa
user_reqsqicb,"Toronto, Canada",hi,2023-03-04 00:00:00+00:00,49432,Toronto,Canada
user_aqe9wzh2,"New York, USA",pt,2023-11-27 00:00:00+00:00,34088,New York,USA
user_ff9hvncb,"Madrid, Spain",hi,2023-04-23 00:00:00+00:00,44674,Madrid,Spain
user_2cw1ku4n,"Osaka, Japan",fr,2023-09-03 00:00:00+00:00,21168,Osaka,Japan
user_37efz59m,Singapore,pt,2023-09-02 00:00:00+00:00,43780,Singapore,
user_txrypced,"Rome, Italy",de,2023-05-28 00:00:00+00:00,2479,Rome,Italy
user_kuoam2mf,"Toronto, Canada",fr,2023-12-18 00:00:00+00:00,47454,Toronto,Canada
user_bcl4gqby,"São Paulo, Brazil",ar,2023-05-11 00:00:00+00:00,20758,São Paulo,Brazil
user_y5urixy6,"Munich, Germany",pt,2023-12-26 00:00:00+00:00,445,Munich,Germany
user_02sm9ly7,"Seoul, South Korea",ru,2023-10-12 00:00:00+00:00,48317,Seoul,South Korea
user_9ksxfq3r,"Manchester, UK",zh,2023-03-18 00:00:00+00:00,49368,Manchester,UK
user_ovph1ui0,"New York, USA",de,2023-11-11 00:00:00+00:00,41310,New York,USA
user_pywq9u0v,"Dubai, UAE",zh,2023-12-27 00:00:00+00:00,21892,Dubai,UAE
user_q8v94nlh,"Houston, USA",ar,2023-07-16 00:00:00+00:00,21147,Houston,USA
user_cfz014a5,"Munich, Germany",zh,2023-12-06 00:00:00+00:00,44736,Munich,Germany
user_1gol317c,"Shanghai, China",ru,2023-06-04 00:00:00+00:00,10814,Shanghai,China
user_8c2t4hs8,"Rome, Italy",es,2023-02-01 00:00:00+00:00,7988,Rome,Italy
user_m8iw7i4v,"Toronto, Canada",ar,2023-01-13 00:00:00+00:00,38283,Toronto,Canada
user_ft4u9ffd,"Los Angeles, USA",pt,2023-09-02 00:00:00+00:00,48667,Los Angeles,USA
user_52k9e623,"Rome, Italy",ja,2023-05-23 00:00:00+00:00,23441,Rome,Italy
user_alnj3vsd,"New York, USA",ja,2023-11-16 00:00:00+00:00,28413,New York,USA
user_oy2uc0b2,"Madrid, Spain",hi,2023-10-24 00:00:00+00:00,19124,Madrid,Spain
user_7m4u5drn,"Rio de Janeiro, Brazil",pt,2023-02-20 00:00:00+00:00,40653,Rio de Janeiro,Brazil
user_1s351pwn,"Mexico City, Mexico",es,2023-04-15 00:00:00+00:00,13971,Mexico City,Mexico
user_xw9kkgik,"Lagos, Nigeria",de,2023-06-04 00:00:00+00:00,12357,Lagos,Nigeria
user_8bcte4x2,"São Paulo, Brazil",ja,2023-10-31 00:00:00+00:00,46936,São Paulo,Brazil
user_uyyao98x,"Chicago, USA",hi,2023-01-11 00:00:00+00:00,11625,Chicago,USA
user_ogtvuuki,"Cairo, Egypt",es,2023-12-13 00:00:00+00:00,4459,Cairo,Egypt
user_pmor94x3,"Mumbai, India",zh,2023-03-24 00:00:00+00:00,7510,Mumbai,India
user_h8y1m5k9,"Barcelona, Spain",en,2023-02-09 00:00:00+00:00,38418,Barcelona,Spain
user_fchpzhlh,"Shanghai, China",pt,2023-08-03 00:00:00+00:00,24220,Shanghai,China
user_00evmn72,"Johannesburg, South Africa",hi,2023-03-28 00:00:00+00:00,28265,Johannesburg,South Africa
user_d88b8qoh,"São Paulo, Brazil",en,2023-02-12 00:00:00+00:00,1569,São Paulo,Brazil
user_eies3y7t,"Rio de Janeiro, Brazil",es,2023-10-27 00:00:00+00:00,8695,Rio de Janeiro,Brazil
user_r7rpurvq,"Los Angeles, USA",hi,2023-09-27 00:00:00+00:00,2812,Los Angeles,USA
user_iydubon4,"Toronto, Canada",hi,2023-11-25 00:00:00+00:00,3178,Toronto,Canada
user_ytwjdefg,"Mumbai, India",zh,2023-01-11 00:00:00+00:00,8878,Mumbai,India
user_1in5bvdf,Singapore,ar,2023-09-16 00:00:00+00:00,7749,Singapore,
user_j4z9koyz,"Shanghai, China",zh,2023-05-23 00:00:00+00:00,20300,Shanghai,China
user_n59vpv83,"New York, USA",hi,2023-10-21 00:00:00+00:00,32421,New York,USA
user_wr2785sn,"New York, USA",ar,2023-12-05 00:00:00+00:00,12713,New York,USA
user_gpq94odr,"London, UK",ar,2023-02-02 00:00:00+00:00,39793,London,UK
user_49claaw8,"Milan, Italy",de,2023-10-22 00:00:00+00:00,36636,Milan,Italy
user_gyx5gifk,"Vancouver, Canada",es,2023-04-29 00:00:00+00:00,3302,Vancouver,Canada
user_rm8c3wgs,"Milan, Italy",ar,2023-05-19 00:00:00+00:00,23940,Milan,Italy
user_5t7flftu,"Beijing, China",ru,2023-09-06 00:00:00+00:00,24133,Beijing,China
user_a2a9oe87,Singapore,ru,2023-10-16 00:00:00+00:00,27688,Singapore,
user_gb2vq8n8,Singapore,en,2023-06-17 00:00:00+00:00,22892,Singapore,
user_yn18x47n,"Cairo, Egypt",hi,2023-04-24 00:00:00+00:00,16381,Cairo,Egypt
user_6gy6nrlo,"Mumbai, India",hi,2023-04-25 00:00:00+00:00,17618,Mumbai,India
user_m3w9lbt0,"Seoul, South Korea",zh,2023-10-27 00:00:00+00:00,24034,Seoul,South Korea
user_kgeoogvo,"Chicago, USA",en,2023-10-14 00:00:00+00:00,39218,Chicago,USA
user_5n6jz0q7,Singapore,es,2023-10-19 00:00:00+00:00,21262,Singapore,
user_hln16pdf,"Delhi, India",ar,2023-09-13 00:00:00+00:00,31944,Delhi,India
user_bf0xs7co,Singapore,ru,2023-08-24 00:00:00+00:00,39894,Singapore,
user_0digod7y,"Cairo, Egypt",ar,2023-07-31 00:00:00+00:00,27536,Cairo,Egypt
user_086yixlz,"Paris, France",ar,2023-04-29 00:00:00+00:00,36105,Paris,France
user_ji15uy0l,"London, UK",zh,2023-09-07 00:00:00+00:00,44142,London,UK
user_sumcbxzj,"Toronto, Canada",ja,2023-05-01 00:00:00+00:00,27073,Toronto,Canada
user_ruzvsfpj,"Beijing, China",en,2023-11-23 00:00:00+00:00,7098,Beijing,China
user_5jzr83cf,"Sydney, Australia",ja,2023-09-30 00:00:00+00:00,28802,Sydney,Australia
user_s7fkmb0p,"Houston, USA",ar,2023-07-14 00:00:00+00:00,35780,Houston,USA
user_3cp9v5hy,"Johannesburg, South Africa",de,2023-05-26 00:00:00+00:00,11273,Johannesburg,South Africa
user_z2r9v1ms,"Los Angeles, USA",es,2023-06-16 00:00:00+00:00,1897,Los Angeles,USA
user_t4qd1q5j,"London, UK",ja,2023-06-01 00:00:00+00:00,18639,London,UK
user_v20bhdbp,"Barcelona, Spain",es,2023-06-02 00:00:00+00:00,6540,Barcelona,Spain
user_najfasrj,"London, UK",ja,2023-12-01 00:00:00+00:00,3919,London,UK
user_xjkv8d43,"Houston, USA",hi,2023-07-12 00:00:00+00:00,13651,Houston,USA
user_oaiwrlyl,"Rio de Janeiro, Brazil",fr,2023-08-05 00:00:00+00:00,29790,Rio de Janeiro,Brazil
user_vhsumg9c,"Dubai, UAE",ru,2023-08-28 00:00:00+00:00,32650,Dubai,UAE
user_pbn2tgep,"Paris, France",fr,2023-03-01 00:00:00+00:00,38343,Paris,France
user_lpaf67a1,"Los Angeles, USA",de,2023-07-18 00:00:00+00:00,47406,Los Angeles,USA
user_3m0fddpp,"Toronto, Canada",fr,2023-03-01 00:00:00+00:00,327,Toronto,Canada
user_52mjcujd,"Chicago, USA",en,2023-12-25 00:00:00+00:00,20543,Chicago,USA
user_4a0layyx,"Johannesburg, South Africa",zh,2023-04-04 00:00:00+00:00,39364,Johannesburg,South Africa
user_96uhzseg,"London, UK",ar,2023-04-24 00:00:00+00:00,27186,London,UK
user_e6tqf43a,"Beijing, China",fr,2023-10-13 00:00:00+00:00,30497,Beijing,China
user_4ol58cyf,"Lyon, France",fr,2023-12-24 00:00:00+00:00,22618,Lyon,France
user_w4tb9pr9,"Los Angeles, USA",pt,2023-11-25 00:00:00+00:00,47532,Los Angeles,USA
user_tl3fefo0,"Tokyo, Japan",ar,2023-12-02 00:00:00+00:00,11653,Tokyo,Japan
user_9v1fxe3b,"Houston, USA",ru,2023-06-04 00:00:00+00:00,33330,Houston,USA
user_lafp17kc,"Shanghai, China",zh,2023-05-14 00:00:00+00:00,40151,Shanghai,China
user_pp3dgfak,"Seoul, South Korea",es,2023-10-01 00:00:00+00:00,109,Seoul,South Korea
user_pr7bcf45,"Chicago, USA",fr,2023-08-05 00:00:00+00:00,30128,Chicago,USA
user_nk06mmye,"Beijing, China",ru,2023-01-31 00:00:00+00:00,34221,Beijing,China
user_22etnc8h,"Berlin, Germany",de,2023-02-10 00:00:00+00:00,41143,Berlin,Germany
user_5gxidbb7,"Houston, USA",pt,2023-12-14 00:00:00+00:00,37766,Houston,USA
user_wr3q3r0o,"Berlin, Germany",zh,2023-05-18 00:00:00+00:00,17020,Berlin,Germany
user_qrddznnv,"Berlin, Germany",de,2023-05-31 00:00:00+00:00,7821,Berlin,Germany
user_ku7fboeu,"Osaka, Japan",ja,2023-08-26 00:00:00+00:00,41538,Osaka,Japan
user_9m6lzkx0,"Paris, France",zh,2023-12-01 00:00:00+00:00,15072,Paris,France
user_tjzr3rrj,"New York, USA",fr,2023-05-26 00:00:00+00:00,5652,New York,USA
user_c2tfuv1t,"Houston, USA",ru,2023-01-18 00:00:00+00:00,339,Houston,USA
user_6fijt4ks,"Lyon, France",hi,2023-02-28 00:00:00+00:00,44023,Lyon,France
user_1depqq3s,"Vancouver, Canada",fr,2023-09-19 00:00:00+00:00,22365,Vancouver,Canada
user_zwtxksrs,"Houston, USA",es,2023-12-13 00:00:00+00:00,1009,Houston,USA
user_j9uoodiz,"New York, USA",ja,2023-05-03 00:00:00+00:00,15236,New York,USA
user_1461f2hf,"Lagos, Nigeria",ar,2023-03-18 00:00:00+00:00,44644,Lagos,Nigeria
user_kzbok9uv,"Beijing, China",fr,2023-07-07 00:00:00+00:00,11473,Beijing,China
user_egbm0x5r,"Manchester, UK",pt,2023-12-22 00:00:00+00:00,8593,Manchester,UK
user_os4zasf3,"Toronto, Canada",ru,2023-05-09 00:00:00+00:00,11237,Toronto,Canada
user_zeatlk93,"Mexico City, Mexico",ar,2023-11-22 00:00:00+00:00,17607,Mexico City,Mexico
user_ysbkmmxf,"Toronto, Canada",ja,2023-03-31 00:00:00+00:00,46203,Toronto,Canada
user_vfz790ui,"Delhi, India",ja,2023-08-19 00:00:00+00:00,39245,Delhi,India
user_4ald4jkl,"Beijing, China",pt,2023-06-27 00:00:00+00:00,45703,Beijing,China
user_d9971ba6,"Dubai, UAE",hi,2023-03-27 00:00:00+00:00,13964,Dubai,UAE
user_cwh9v5dk,"Munich, Germany",en,2023-09-08 00:00:00+00:00,17364,Munich,Germany
user_lyccsofd,"Manchester, UK",hi,2023-10-06 00:00:00+00:00,10310,Manchester,UK
user_zbmsjsbn,"Shanghai, China",ru,2023-12-04 00:00:00+00:00,25016,Shanghai,China
user_5exkshy7,"Rio de Janeiro, Brazil",ja,2023-09-19 00:00:00+00:00,43729,Rio de Janeiro,Brazil
user_zdj1d4y5,"London, UK",es,2023-01-06 00:00:00+00:00,11492,London,UK
user_op7k2mli,"Tokyo, Japan",en,2023-01-13 00:00:00+00:00,24762,Tokyo,Japan
user_pvhgwztj,"Munich, Germany",hi,2023-10-28 00:00:00+00:00,39975,Munich,Germany
user_pg17nta6,"Los Angeles, USA",de,2023-07-12 00:00:00+00:00,2363,Los Angeles,USA
user_omum896s,"Rome, Italy",de,2023-01-07 00:00:00+00:00,1160,Rome,Italy
user_488o0j8b,"Sydney, Australia",en,2023-07-06 00:00:00+00:00,33551,Sydney,Australia
user_jlw733x7,"Shanghai, China",ar,2023-08-10 00:00:00+00:00,39303,Shanghai,China
user_0xdo28q7,"Vancouver, Canada",ja,2023-06-20 00:00:00+00:00,21353,Vancouver,Canada
user_uo5emkil,"Barcelona, Spain",de,2023-01-22 00:00:00+00:00,21276,Barcelona,Spain
user_kbdvf8d6,"Tokyo, Japan",es,2023-01-14 00:00:00+00:00,4645,Tokyo,Japan
user_zfhfi8vl,"Los Angeles, USA",hi,2023-11-11 00:00:00+00:00,25841,Los Angeles,USA
user_vu9y0rv6,"Madrid, Spain",fr,2023-07-31 00:00:00+00:00,45870,Madrid,Spain
user_bxly4qsk,"Melbourne, Australia",de,2023-06-09 00:00:00+00:00,37124,Melbourne,Australia
user_8ko1uayz,"Mumbai, India",ar,2023-10-16 00:00:00+00:00,26642,Mumbai,India
user_cgjc9dik,"Los Angeles, USA",ja,2023-06-26 00:00:00+00:00,14179,Los Angeles,USA
user_ugd6vymw,"Rome, Italy",hi,2023-10-31 00:00:00+00:00,40742,Rome,Italy
user_bsrrv0ob,"Lagos, Nigeria",en,2023-07-08 00:00:00+00:00,14576,Lagos,Nigeria
user_octykp3s,"Barcelona, Spain",zh,2023-02-05 00:00:00+00:00,13203,Barcelona,Spain
user_7vpwoqp2,"Seoul, South Korea",zh,2023-09-14 00:00:00+00:00,18406,Seoul,South Korea
user_xy0zqsx1,"Osaka, Japan",ru,2023-11-18 00:00:00+00:00,46574,Osaka,Japan
user_ljik1yxy,"Johannesburg, South Africa",de,2023-03-25 00:00:00+00:00,33695,Johannesburg,South Africa
user_v85ub55d,"London, UK",pt,2023-04-10 00:00:00+00:00,39315,London,UK
user_21t39k1j,"Paris, France",en,2023-11-13 00:00:00+00:00,41573,Paris,France
user_nhmgke5n,"Rio de Janeiro, Brazil",de,2023-12-03 00:00:00+00:00,9937,Rio de Janeiro,Brazil
user_4xle01hd,"Paris, France",ar,2023-05-05 00:00:00+00:00,9516,Paris,France
user_5k81svok,"Milan, Italy",de,2023-08-19 00:00:00+00:00,8124,Milan,Italy
user_xbva0qcq,"Manchester, UK",hi,2023-07-17 00:00:00+00:00,21901,Manchester,UK
user_i5gyaj59,"Rome, Italy",zh,2023-02-26 00:00:00+00:00,26215,Rome,Italy
user_cw087eow,"Chicago, USA",zh,2023-10-11 00:00:00+00:00,31159,Chicago,USA
user_4h468qeh,"Munich, Germany",ru,2023-09-25 00:00:00+00:00,31209,Munich,Germany
user_he9lmvpu,"Houston, USA",hi,2023-11-03 00:00:00+00:00,46685,Houston,USA
user_pfk0frq8,"Lagos, Nigeria",de,2023-01-29 00:00:00+00:00,6808,Lagos,Nigeria
user_bpm9h48i,"Rio de Janeiro, Brazil",es,2023-04-03 00:00:00+00:00,16456,Rio de Janeiro,Brazil
user_n3hsc00d,"London, UK",de,2023-11-08 00:00:00+00:00,6692,London,UK
user_mbfbjjix,"New York, USA",zh,2023-06-09 00:00:00+00:00,11084,New York,USA
user_vx8uw7j8,"Osaka, Japan",zh,2023-06-24 00:00:00+00:00,19339,Osaka,Japan
user_lr3fagdl,"Paris, France",en,2023-10-13 00:00:00+00:00,21509,Paris,France
user_ls1b021f,Singapore,hi,2023-08-10 00:00:00+00:00,42127,Singapore,
user_3v5bmc1w,"Johannesburg, South Africa",ar,2023-11-22 00:00:00+00:00,45585,Johannesburg,South Africa
user_2kpx7bq7,"Manchester, UK",zh,2023-08-02 00:00:00+00:00,1954,Manchester,UK
user_7ynl9cyw,"London, UK",es,2023-04-07 00:00:00+00:00,24437,London,UK
user_jp89dfll,"Osaka, Japan",zh,2023-06-23 00:00:00+00:00,47314,Osaka,Japan
user_zh3km46r,"Melbourne, Australia",ru,2023-04-24 00:00:00+00:00,44219,Melbourne,Australia
user_0snf4coc,"São Paulo, Brazil",de,2023-07-27 00:00:00+00:00,42927,São Paulo,Brazil
user_67hyf45u,"Vancouver, Canada",de,2023-04-05 00:00:00+00:00,898,Vancouver,Canada
user_r81b8x1v,"Tokyo, Japan",en,2023-10-07 00:00:00+00:00,43520,Tokyo,Japan
user_bxxatzfk,"Paris, France",ru,2023-01-02 00:00:00+00:00,15151,Paris,France
user_7vp5lq28,"Mexico City, Mexico",es,2023-12-21 00:00:00+00:00,27066,Mexico City,Mexico
user_wny0eggt,"Tokyo, Japan",pt,2023-02-09 00:00:00+00:00,7793,Tokyo,Japan
user_eatb59cy,"Mexico City, Mexico",en,2023-08-02 00:00:00+00:00,39881,Mexico City,Mexico
user_kuccczbl,"Cairo, Egypt",zh,2023-02-28 00:00:00+00:00,24509,Cairo,Egypt
user_ul3t78j5,"Manchester, UK",ar,2023-11-03 00:00:00+00:00,49287,Manchester,UK
user_p382lkdc,"New York, USA",fr,2023-08-15 00:00:00+00:00,23676,New York,USA
user_v90c7v7k,"Manchester, UK",en,2023-02-08 00:00:00+00:00,38478,Manchester,UK
user_3j8m535e,"Tokyo, Japan",ar,2023-06-28 00:00:00+00:00,24336,Tokyo,Japan
user_ykcupti7,"Milan, Italy",en,2023-03-01 00:00:00+00:00,20735,Milan,Italy
user_6am6m4he,"Milan, Italy",ru,2023-12-29 00:00:00+00:00,42340,Milan,Italy
user_bxh59css,"Rome, Italy",en,2023-10-22 00:00:00+00:00,34876,Rome,Italy
user_739k0164,"Rome, Italy",fr,2023-02-16 00:00:00+00:00,13285,Rome,Italy
user_nv39lexw,"Chicago, USA",ar,2023-07-03 00:00:00+00:00,6441,Chicago,USA
user_21xbx95a,"Dubai, UAE",es,2023-01-28 00:00:00+00:00,37334,Dubai,UAE
user_6q691qyw,"Johannesburg, South Africa",de,2023-02-22 00:00:00+00:00,44759,Johannesburg,South Africa
user_84886kht,"Cairo, Egypt",ja,2023-06-30 00:00:00+00:00,17475,Cairo,Egypt
user_d0m2tiau,"Seoul, South Korea",ru,2023-06-04 00:00:00+00:00,8439,Seoul,South Korea
user_chlfff5h,"Cairo, Egypt",fr,2023-02-16 00:00:00+00:00,11640,Cairo,Egypt
user_34epscp1,"Mexico City, Mexico",zh,2023-05-03 00:00:00+00:00,8767,Mexico City,Mexico
user_52nwb0a6,"Melbourne, Australia",pt,2023-10-31 00:00:00+00:00,17113,Melbourne,Australia
user_0bjcdj9t,"Osaka, Japan",pt,2023-07-31 00:00:00+00:00,40001,Osaka,Japan
user_oknxkzax,"Manchester, UK",en,2023-12-13 00:00:00+00:00,34257,Manchester,UK
user_zftpt5jm,"Lagos, Nigeria",pt,2023-04-19 00:00:00+00:00,33930,Lagos,Nigeria
user_nocj2u22,"Mumbai, India",hi,2023-08-20 00:00:00+00:00,24513,Mumbai,India
user_ktq7v6k9,"Paris, France",de,2023-03-02 00:00:00+00:00,26436,Paris,France
user_9mtets0p,"Johannesburg, South Africa",pt,2023-09-09 00:00:00+00:00,8262,Johannesburg,South Africa
user_f1zb31m9,"Shanghai, China",es,2023-05-30 00:00:00+00:00,46628,Shanghai,China
user_xeefhrn8,"Manchester, UK",pt,2023-02-07 00:00:00+00:00,43744,Manchester,UK
user_3y9hmsqu,"Lagos, Nigeria",fr,2023-05-28 00:00:00+00:00,4352,Lagos,Nigeria
user_87kc1g6d,"Houston, USA",hi,2023-05-05 00:00:00+00:00,7238,Houston,USA
user_l5tg9fs9,"Munich, Germany",es,2023-10-08 00:00:00+00:00,8582,Munich,Germany
user_wozqxxuj,"Lyon, France",ja,2023-09-08 00:00:00+00:00,32180,Lyon,France
user_jbexdryn,"Barcelona, Spain",zh,2023-12-20 00:00:00+00:00,35471,Barcelona,Spain
user_65x8ekq5,"Vancouver, Canada",ru,2023-05-07 00:00:00+00:00,11582,Vancouver,Canada
user_xetn4exw,"Dubai, UAE",ja,2023-08-09 00:00:00+00:00,14902,Dubai,UAE
user_burti9os,"Rome, Italy",pt,2023-10-30 00:00:00+00:00,19117,Rome,Italy
user_1dor4ub9,"Melbourne, Australia",ru,2023-05-20 00:00:00+00:00,3948,Melbourne,Australia
user_2f0wwm7k,"Rio de Janeiro, Brazil",ja,2023-02-20 00:00:00+00:00,38582,Rio de Janeiro,Brazil
user_bpeh6r2x,"Rome, Italy",ar,2023-11-15 00:00:00+00:00,39573,Rome,Italy
user_nopk6luq,"Tokyo, Japan",ja,2023-08-27 00:00:00+00:00,19663,Tokyo,Japan
user_h2cc650s,"Toronto, Canada",ja,2023-09-04 00:00:00+00:00,12019,Toronto,Canada
user_69szlmwo,"New York, USA",zh,2023-11-05 00:00:00+00:00,15267,New York,USA
user_rn59h12j,"Houston, USA",hi,2023-08-25 00:00:00+00:00,16164,Houston,USA
user_ztrgkwrt,"Johannesburg, South Africa",es,2023-08-27 00:00:00+00:00,30306,Johannesburg,South Africa
user_nf5l9rnd,"Johannesburg, South Africa",ru,2023-11-10 00:00:00+00:00,34045,Johannesburg,South Africa
user_tlwy34pg,"New York, USA",es,2023-12-29 00:00:00+00:00,24453,New York,USA
user_f7gw8r95,"Manchester, UK",zh,2023-10-21 00:00:00+00:00,14142,Manchester,UK
user_katitpu9,"Beijing, China",es,2023-02-06 00:00:00+00:00,23216,Beijing,China
user_do27uxxo,"Seoul, South Korea",es,2023-04-17 00:00:00+00:00,17481,Seoul,South Korea
user_v5erx0ex,"Barcelona, Spain",hi,2023-04-26 00:00:00+00:00,17290,Barcelona,Spain
user_29wn0kte,"Shanghai, China",es,2023-05-07 00:00:00+00:00,24106,Shanghai,China
user_r7eg1rac,"Houston, USA",fr,2023-04-15 00:00:00+00:00,2052,Houston,USA
user_vdgsk6rt,"Milan, Italy",fr,2023-04-01 00:00:00+00:00,38095,Milan,Italy
user_8hlbgldx,"Vancouver, Canada",ru,2023-06-01 00:00:00+00:00,13905,Vancouver,Canada
user_ckihmwlk,"Berlin, Germany",es,2023-08-31 00:00:00+00:00,20122,Berlin,Germany
user_t7iq5b8i,"São Paulo, Brazil",es,2023-10-24 00:00:00+00:00,16997,São Paulo,Brazil
user_5c73xjvg,"Berlin, Germany",fr,2023-03-18 00:00:00+00:00,33817,Berlin,Germany
user_gi4jvjqd,"Tokyo, Japan",hi,2023-03-05 00:00:00+00:00,41198,Tokyo,Japan
user_ekw6pu9s,"Barcelona, Spain",de,2023-06-05 00:00:00+00:00,13820,Barcelona,Spain
user_unr2aqgd,"Cairo, Egypt",ja,2023-12-30 00:00:00+00:00,9404,Cairo,Egypt
user_0aacyvtz,"Rome, Italy",ru,2023-01-19 00:00:00+00:00,1452,Rome,Italy
user_zwtc0w1c,"London, UK",en,2023-12-17 00:00:00+00:00,5798,London,UK
user_9px5q0by,"Lyon, France",zh,2023-12-23 00:00:00+00:00,46167,Lyon,France
user_ouggehu2,"Manchester, UK",zh,2023-02-27 00:00:00+00:00,29402,Manchester,UK
user_9lyd7sqy,"Melbourne, Australia",zh,2023-09-05 00:00:00+00:00,27460,Melbourne,Australia
user_ewvhln58,"Seoul, South Korea",fr,2023-08-01 00:00:00+00:00,29588,Seoul,South Korea
user_uioec9tu,"Rome, Italy",pt,2023-06-17 00:00:00+00:00,26060,Rome,Italy
user_ixw57ddo,"Chicago, USA",de,2023-08-14 00:00:00+00:00,49484,Chicago,USA
user_86lxvpfg,"Lagos, Nigeria",pt,2023-01-06 00:00:00+00:00,12675,Lagos,Nigeria
user_wfoibt5f,"Melbourne, Australia",pt,2023-09-29 00:00:00+00:00,49332,Melbourne,Australia
user_t0di0wp6,"Milan, Italy",ar,2023-01-20 00:00:00+00:00,4750,Milan,Italy
user_7gm44p81,"Toronto, Canada",fr,2023-07-02 00:00:00+00:00,1960,Toronto,Canada
user_o7ao5viq,"Dubai, UAE",zh,2023-11-14 00:00:00+00:00,19308,Dubai,UAE
user_dxyefwh5,"Tokyo, Japan",fr,2023-02-01 00:00:00+00:00,47791,Tokyo,Japan
user_rtp2dykx,"Berlin, Germany",es,2023-06-07 00:00:00+00:00,14113,Berlin,Germany
user_q2stxtlj,"Mexico City, Mexico",zh,2023-12-30 00:00:00+00:00,44195,Mexico City,Mexico
user_vlsb91yi,"Vancouver, Canada",ar,2023-10-30 00:00:00+00:00,31473,Vancouver,Canada
user_60qt3bld,"Toronto, Canada",hi,2023-01-10 00:00:00+00:00,39963,Toronto,Canada
user_f2smsclm,"Paris, France",fr,2023-09-10 00:00:00+00:00,5978,Paris,France
user_fumgsyfe,"Los Angeles, USA",es,2023-03-18 00:00:00+00:00,40156,Los Angeles,USA
user_t028mbub,"Osaka, Japan",en,2023-04-21 00:00:00+00:00,49727,Osaka,Japan
user_l8ovyk6s,"New York, USA",ja,2023-10-08 00:00:00+00:00,30100,New York,USA
user_uw0vd87k,"Milan, Italy",hi,2023-10-16 00:00:00+00:00,11640,Milan,Italy
user_ctdjnqvi,"Dubai, UAE",hi,2023-02-16 00:00:00+00:00,34193,Dubai,UAE
user_2bqhmzq3,"Milan, Italy",pt,2023-10-08 00:00:00+00:00,30207,Milan,Italy
user_k16jgobs,"New York, USA",zh,2023-09-08 00:00:00+00:00,35293,New York,USA
user_ay79c8du,"Barcelona, Spain",ru,2023-01-05 00:00:00+00:00,21312,Barcelona,Spain
user_2ecys8dy,Singapore,ru,2023-08-30 00:00:00+00:00,34991,Singapore,
user_t3oblcqc,"Osaka, Japan",en,2023-07-27 00:00:00+00:00,20765,Osaka,Japan
user_f7siruac,"Milan, Italy",es,2023-02-01 00:00:00+00:00,42293,Milan,Italy
user_csluibwk,"Tokyo, Japan",pt,2023-09-08 00:00:00+00:00,19091,Tokyo,Japan
user_g2hbxvtg,"Chicago, USA",ar,2023-12-01 00:00:00+00:00,46791,Chicago,USA
user_73jr6imn,"Berlin, Germany",ru,2023-08-13 00:00:00+00:00,7267,Berlin,Germany
user_d8ouiga8,"Los Angeles, USA",de,2023-04-06 00:00:00+00:00,5270,Los Angeles,USA
user_8h6gfa0x,"Toronto, Canada",es,2023-10-11 00:00:00+00:00,14596,Toronto,Canada
user_9i3o9pky,"Milan, Italy",de,2023-07-08 00:00:00+00:00,42591,Milan,Italy
user_0nzzm3ff,"Munich, Germany",es,2023-01-25 00:00:00+00:00,16757,Munich,Germany
user_ouwnxemr,"Delhi, India",fr,2023-04-12 00:00:00+00:00,28826,Delhi,India
user_t3vc5gvq,"Berlin, Germany",pt,2023-06-11 00:00:00+00:00,49312,Berlin,Germany
user_x3e3o9nf,"Cairo, Egypt",fr,2023-10-17 00:00:00+00:00,14201,Cairo,Egypt
user_3pd2fily,"Rome, Italy",pt,2023-04-22 00:00:00+00:00,3536,Rome,Italy
user_0q1hamqb,"Sydney, Australia",ru,2023-06-03 00:00:00+00:00,14670,Sydney,Australia
user_ptkum7pu,"Barcelona, Spain",fr,2023-09-18 00:00:00+00:00,32127,Barcelona,Spain
user_kf84zwv2,"Paris, France",es,2023-04-18 00:00:00+00:00,49575,Paris,France
user_oudpq98k,"Mexico City, Mexico",fr,2023-06-04 00:00:00+00:00,44614,Mexico City,Mexico
user_tbqj08gl,"Munich, Germany",ja,2023-04-29 00:00:00+00:00,18181,Munich,Germany
user_2ezvg796,"Delhi, India",ja,2023-09-15 00:00:00+00:00,34913,Delhi,India
user_lt9gdb5a,"Delhi, India",en,2023-07-27 00:00:00+00:00,40557,Delhi,India
user_0o5ujsl6,"Tokyo, Japan",en,2023-04-17 00:00:00+00:00,48064,Tokyo,Japan
user_bxjv2352,"Shanghai, China",pt,2023-10-26 00:00:00+00:00,41874,Shanghai,China
user_f3crksgl,"Los Angeles, USA",ar,2023-09-13 00:00:00+00:00,37091,Los Angeles,USA
user_b86ckvf0,"Milan, Italy",ja,2023-11-07 00:00:00+00:00,2730,Milan,Italy
user_ustdftr6,"Cairo, Egypt",ar,2023-12-09 00:00:00+00:00,8723,Cairo,Egypt
user_wolyc68e,"Berlin, Germany",hi,2023-09-24 00:00:00+00:00,21598,Berlin,Germany
user_6lk9bh8q,"Johannesburg, South Africa",ru,2023-04-18 00:00:00+00:00,30992,Johannesburg,South Africa
user_2sz5870k,"Paris, France",ar,2023-08-14 00:00:00+00:00,22469,Paris,France
user_wq3xvu3q,"Toronto, Canada",en,2023-06-24 00:00:00+00:00,28585,Toronto,Canada
user_ag1vxq20,"London, UK",hi,2023-01-27 00:00:00+00:00,2589,London,UK
user_8cnur462,"Melbourne, Australia",es,2023-06-22 00:00:00+00:00,2916,Melbourne,Australia
user_rzirln2k,"Sydney, Australia",ru,2023-03-30 00:00:00+00:00,47343,Sydney,Australia
user_knjtsbf3,"Toronto, Canada",zh,2023-06-27 00:00:00+00:00,1298,Toronto,Canada
user_4bgfq7v1,"Rome, Italy",ar,2023-03-17 00:00:00+00:00,22396,Rome,Italy
user_eyivvxsv,"Chicago, USA",zh,2023-06-19 00:00:00+00:00,34931,Chicago,USA
user_3e6vbpgy,"Mumbai, India",ar,2023-02-26 00:00:00+00:00,25969,Mumbai,India
user_t4fac9ry,"Lyon, France",zh,2023-12-16 00:00:00+00:00,45249,Lyon,France
user_d540lt76,"Los Angeles, USA",de,2023-06-22 00:00:00+00:00,8352,Los Angeles,USA
user_ybzvk37m,"Paris, France",fr,2023-11-23 00:00:00+00:00,41467,Paris,France
user_usts5yuo,"Shanghai, China",ja,2023-12-31 00:00:00+00:00,49933,Shanghai,China
user_zozhwbis,"Paris, France",de,2023-10-25 00:00:00+00:00,4580,Paris,France
user_vzkc4eex,"Madrid, Spain",en,2023-05-17 00:00:00+00:00,34062,Madrid,Spain
user_qchyte6l,"New York, USA",en,2023-09-17 00:00:00+00:00,33190,New York,USA
user_13595b5a,"Delhi, India",es,2023-02-14 00:00:00+00:00,28095,Delhi,India
user_7ca0d2ca,"Toronto, Canada",hi,2023-05-24 00:00:00+00:00,49154,Toronto,Canada
user_bvyufsqe,"Rio de Janeiro, Brazil",en,2023-04-28 00:00:00+00:00,5032,Rio de Janeiro,Brazil
user_a4bx0p77,"Lyon, France",fr,2023-09-26 00:00:00+00:00,44508,Lyon,France
user_df1ei5h3,Singapore,de,2023-11-03 00:00:00+00:00,13742,Singapore,
user_frcablkw,"Chicago, USA",hi,2023-08-12 00:00:00+00:00,21147,Chicago,USA
user_jc5pei2a,"Seoul, South Korea",ar,2023-05-21 00:00:00+00:00,9428,Seoul,South Korea
user_q73dl3ap,"Mumbai, India",en,2023-08-09 00:00:00+00:00,21528,Mumbai,India
user_wo5zxl0h,"Melbourne, Australia",ja,2023-09-04 00:00:00+00:00,29999,Melbourne,Australia
user_nwv6ddob,"Barcelona, Spain",zh,2023-08-26 00:00:00+00:00,28382,Barcelona,Spain
user_wxx3ex8f,"Milan, Italy",fr,2023-07-10 00:00:00+00:00,31724,Milan,Italy
user_o9e3yl5r,"Madrid, Spain",de,2023-10-03 00:00:00+00:00,36520,Madrid,Spain
user_w409zojg,"Cairo, Egypt",es,2023-01-23 00:00:00+00:00,13702,Cairo,Egypt
user_mv849ksk,"Los Angeles, USA",de,2023-08-28 00:00:00+00:00,8860,Los Angeles,USA
user_89lof2wj,"Mumbai, India",fr,2023-09-26 00:00:00+00:00,12147,Mumbai,India
user_t7oaimb8,"Madrid, Spain",en,2023-10-28 00:00:00+00:00,46209,Madrid,Spain
user_pylae2xz,"Beijing, China",es,2023-06-21 00:00:00+00:00,16830,Beijing,China
user_1rcpzj4g,"Osaka, Japan",ar,2023-02-03 00:00:00+00:00,40768,Osaka,Japan
user_wojoag7g,"Rio de Janeiro, Brazil",es,2023-04-05 00:00:00+00:00,18813,Rio de Janeiro,Brazil
user_vulstdsx,"Los Angeles, USA",hi,2023-03-23 00:00:00+00:00,17640,Los Angeles,USA
user_qyjwwu3o,"Beijing, China",zh,2023-01-14 00:00:00+00:00,39819,Beijing,China
user_wous5rom,"Milan, Italy",fr,2023-05-15 00:00:00+00:00,44353,Milan,Italy
user_btbjsufs,"London, UK",ja,2023-01-25 00:00:00+00:00,30087,London,UK
user_rpjjwdw9,"Mexico City, Mexico",ru,2023-05-27 00:00:00+00:00,44670,Mexico City,Mexico
user_cmf4omis,"Houston, USA",ar,2023-08-30 00:00:00+00:00,21040,Houston,USA
user_5lmyv131,"Toronto, Canada",de,2023-10-29 00:00:00+00:00,10443,Toronto,Canada
user_ep00xpmt,"Barcelona, Spain",hi,2023-11-07 00:00:00+00:00,7893,Barcelona,Spain
user_3obvzmc6,"Johannesburg, South Africa",es,2023-05-02 00:00:00+00:00,40810,Johannesburg,South Africa
user_afdu5gw9,"Rome, Italy",hi,2023-11-23 00:00:00+00:00,31784,Rome,Italy
user_xrod8bh2,"Rio de Janeiro, Brazil",zh,2023-08-26 00:00:00+00:00,48702,Rio de Janeiro,Brazil
user_xbe6b7kn,"Mumbai, India",ja,2023-08-26 00:00:00+00:00,43163,Mumbai,India
user_77m315jj,"Munich, Germany",en,2023-01-06 00:00:00+00:00,30293,Munich,Germany
user_hvqqyzoi,"Melbourne, Australia",zh,2023-11-10 00:00:00+00:00,3213,Melbourne,Australia
user_vec6gvbu,"Osaka, Japan",en,2023-01-28 00:00:00+00:00,17295,Osaka,Japan
user_hq06wwgk,"Munich, Germany",pt,2023-06-16 00:00:00+00:00,43992,Munich,Germany
user_3jxx3h3w,"London, UK",ru,2023-10-28 00:00:00+00:00,35570,London,UK
user_cwgik1z6,"Chicago, USA",ja,2023-11-22 00:00:00+00:00,36868,Chicago,USA
user_bx9xyj6k,"Shanghai, China",en,2023-03-29 00:00:00+00:00,19618,Shanghai,China
user_6ky50rd4,"Melbourne, Australia",de,2023-01-31 00:00:00+00:00,42295,Melbourne,Australia
user_xyvxp8vz,"London, UK",de,2023-02-01 00:00:00+00:00,6702,London,UK
user_fb59r176,"Toronto, Canada",zh,2023-10-03 00:00:00+00:00,41308,Toronto,Canada
user_6xvmxfyf,"Melbourne, Australia",de,2023-11-27 00:00:00+00:00,7470,Melbourne,Australia
user_t56uvdd8,"Mumbai, India",ar,2023-04-28 00:00:00+00:00,15578,Mumbai,India
user_0x2s6pho,"Shanghai, China",ja,2023-05-28 00:00:00+00:00,26993,Shanghai,China
user_j5s6xg7p,"Dubai, UAE",fr,2023-11-21 00:00:00+00:00,22365,Dubai,UAE
user_tvrrizk4,"Lagos, Nigeria",es,2023-12-13 00:00:00+00:00,24598,Lagos,Nigeria
user_hrja27s4,"Paris, France",en,2023-10-13 00:00:00+00:00,42821,Paris,France
user_kktxhpej,"Delhi, India",zh,2023-08-27 00:00:00+00:00,31051,Delhi,India
user_4h2i9jla,"Los Angeles, USA",pt,2023-12-10 00:00:00+00:00,37825,Los Angeles,USA
user_b2k6dv8u,"Osaka, Japan",ar,2023-06-13 00:00:00+00:00,27707,Osaka,Japan
user_jti6edje,"Toronto, Canada",en,2023-12-10 00:00:00+00:00,31392,Toronto,Canada
user_g9g7onlw,"Munich, Germany",de,2023-07-19 00:00:00+00:00,7981,Munich,Germany
user_e9paascb,"São Paulo, Brazil",de,2023-03-11 00:00:00+00:00,19695,São Paulo,Brazil
user_wcqtxwgr,"Los Angeles, USA",en,2023-06-25 00:00:00+00:00,10281,Los Angeles,USA
user_06v0exkg,"Barcelona, Spain",zh,2023-05-20 00:00:00+00:00,552,Barcelona,Spain
user_v9k2zefm,"Shanghai, China",zh,2023-04-30 00:00:00+00:00,10505,Shanghai,China
user_653h4bmg,"Berlin, Germany",de,2023-07-11 00:00:00+00:00,38484,Berlin,Germany
user_49plobvw,"Shanghai, China",es,2023-04-06 00:00:00+00:00,8470,Shanghai,China
user_v82mrman,"Mexico City, Mexico",de,2023-01-30 00:00:00+00:00,24725,Mexico City,Mexico
user_cud134xj,"Barcelona, Spain",ja,2023-03-12 00:00:00+00:00,34665,Barcelona,Spain
user_m2ziq5ox,"Melbourne, Australia",ja,2023-11-24 00:00:00+00:00,4282,Melbourne,Australia
user_do09zsgf,"Houston, USA",en,2023-01-12 00:00:00+00:00,1914,Houston,USA
user_gikb0dqn,"Dubai, UAE",pt,2023-03-23 00:00:00+00:00,33219,Dubai,UAE
user_1ug2c6v8,"Mumbai, India",hi,2023-12-12 00:00:00+00:00,30337,Mumbai,India
user_4snqim59,"Paris, France",pt,2023-07-03 00:00:00+00:00,20152,Paris,France
user_d7fndosg,"Toronto, Canada",ja,2023-09-17 00:00:00+00:00,3708,Toronto,Canada
user_44damk88,Singapore,zh,2023-09-14 00:00:00+00:00,16377,Singapore,
user_dur7q95h,"Lyon, France",fr,2023-10-31 00:00:00+00:00,14508,Lyon,France
user_wzt2ixn5,"Melbourne, Australia",ru,2023-03-01 00:00:00+00:00,32702,Melbourne,Australia
user_ewhj7uh3,"Houston, USA",es,2023-12-23 00:00:00+00:00,14378,Houston,USA
user_oypkjogs,"Dubai, UAE",es,2023-10-31 00:00:00+00:00,47001,Dubai,UAE
user_oki4xfhu,"São Paulo, Brazil",es,2023-10-23 00:00:00+00:00,42213,São Paulo,Brazil
user_1cz5m9ov,"Beijing, China",hi,2023-01-19 00:00:00+00:00,18267,Beijing,China
user_uby999hz,"Houston, USA",de,2023-02-14 00:00:00+00:00,10510,Houston,USA
user_5l9nw5ja,"Milan, Italy",hi,2023-05-07 00:00:00+00:00,11777,Milan,Italy
user_5bifiovr,"Johannesburg, South Africa",zh,2023-05-11 00:00:00+00:00,44077,Johannesburg,South Africa
user_m27g42ms,"Beijing, China",hi,2023-01-28 00:00:00+00:00,27325,Beijing,China
user_17homyqe,"Toronto, Canada",en,2023-07-27 00:00:00+00:00,4887,Toronto,Canada
user_057ka83m,"London, UK",zh,2023-02-11 00:00:00+00:00,17153,London,UK
